Workbook

Sheet HOME
B2: Montana Army National Guard Career Planning & Mentorship Tool
B3: Version 1.0 | DEMO DATA — Replace admin sheets with real MTARNG data before operational use
B5: MY PROFILE | D5: POSITION MATCHES | F5: COMMUTE ANALYSIS | H5: CAREER TIMELINE | J5: COUNSELING SHEET
B6: Start here. Enter your rank, MOS, unit, home city, and career goals. | D6: See all MTARNG positions scored against your profile. | F6: View drive time and distance from your home city to each position. | H6: See a suggested 10–20 year career pathway toward your goal. | J6: Print a 1-page counseling summary for your senior rater meeting.
B7: → Go to MY PROFILE | D7: → Go to POSITION MATCHES | F7: → Go to COMMUTE ANALYSIS | H7: → Go to CAREER TIMELINE | J7: → Go to COUNSELING SHEET
B9: ⚠ ADMIN SHEETS (red tabs): ADMIN - POSITIONS | ADMIN - CITY DISTANCES | ADMIN - PME AND SCHOOLS | ADMIN - MOS TRANSITIONS | ADMIN - PROMOTION TIMELINE
B11: HOW TO USE THIS TOOL
B12: STEP 1 | C12: Open MY PROFILE and fill in your information from top to bottom. Use the dropdown lists provided.
B13: STEP 2 | C13: Navigate to POSITION MATCHES to see every MTARNG position scored and ranked for your profile.
B14: STEP 3 | C14: Open COMMUTE ANALYSIS to understand the drive time and distance impact of each opportunity.
B15: STEP 4 | C15: Review CAREER TIMELINE for a suggested multi-year pathway toward your stated goal.
B16: STEP 5 | C16: Print COUNSELING SHEET and bring it to your senior rater, mentor, or retention NCO.
B17: FOR ADMINS | C17: Update the red-tab ADMIN sheets with real MTARNG data. Soldier-facing outputs update automatically.

Sheet MY PROFILE
B1: SOLDIER CAREER PROFILE | Montana Army National Guard
B2: Fill in the yellow cells. Use dropdown arrows where available. All Soldier-facing sheets update automatically from this page.
B4: SECTION 1 — SOLDIER IDENTITY & CURRENT STATUS
B5: Full Name (Last, First MI) | C5: Smith, John A. | F5: Last 4 SSN (optional) | G5: XXXX
B6: Current Rank / Grade | C6: E5 / SGT | D6: Career Category | E6: Enlisted | F6: Component / Status | G6: M-Day
B7: Primary MOS / AOC / Branch | C7: 92Y | D7: Secondary MOS (if any) | F7: Branch / Career Field (Officers) | G7: LG
B8: Current Unit Name | C8: 495th CSSC | F8: UIC (if known) | G8: W4MMMS
B9: Current Duty Title / Position | C9: Unit Supply Specialist | F9: City of Current Unit | G9: Missoula
B10: Home City (where you live) | C10: Missoula | D10: State (if not MT) | E10: MT | F10: Max Acceptable One-Way Commute | G10: 2 Hours
B11: Total Years of Service (ARNG + AD) | C11: 8 | D11: Years in Current Grade (TIG) | E11: 2 | F11: Time in Current Position (years) | G11: 1.5
B12: ETS / Expiration Term of Service | C12: 2027-08-01 | D12: Initial Entry Date (PEBD/DOR) | E12: 2018-06-01 | F12: Willing to Relocate for the Right Position? | G12: No
B14: SECTION 2 — PME & EDUCATION COMPLETED
B15: ENLISTED PME | D15: OFFICER PME | F15: WARRANT PME
B16: Basic Leader Course (BLC) | C16: No | D16: BOLC Complete | E16: No | F16: WOBC Complete | G16: No
B17: Advanced Leader Course (ALC) | C17: No | D17: Captain's Career Course (CCC) | E17: No | F17: WOAC Complete | G17: No
B18: Senior Leader Course (SLC) | C18: No | D18: ILE Complete | E18: No | F18: WOILE Complete | G18: No
B19: Sergeant Major Course (SMC) | C19: No | D19: Senior Service College (SSC) | E19: No | F19: WOSSE Complete | G19: No
B20: SSD1 Complete | C20: No
B21: SSD2 Complete | C21: No
B22: Highest Education Level | C22: Some College | D22: College Degree Field (if any) | E22: Business Administration | F22: Other Relevant Certifications | G22: APFT Master Fitness Trainer
B24: SECTION 3 — CAREER GOALS & ASPIRATIONS
B25: Target Rank / Goal Grade | C25: E7 / SFC | D25: Target Timeline (years from now) | E25: 4 | F25: Preferred Component After Next Move | G25: Either
B26: Primary Career Goal (select one) | C26: Promote to Next Grade | F26: Secondary Career Goal (optional) | G26: Pursue AGR Full-Time
B27: Desired Position Type (select one) | C27: Leadership | D27: Open to Command Position? | E27: Yes | F27: Want to switch MOS or Branch? | G27: No
B28: If switching — Target MOS / Branch | C28: N/A | D28: Warrant Officer Interest? | E28: No | F28: Long-term goal (10-20 yrs out) | G28: Senior NCO / Retention SGM
B30: 5-YEAR GOAL (describe in your own words):
B31: I want to promote to SFC within 4 years. I plan to complete SLC and move into a platoon sergeant or staff NCOIC role at a unit closer to Helena, ideally as an AGR position.
B34: 10-YEAR / LONG-RANGE GOAL:
B35: Long term, I'd like to either achieve MSG or pursue a warrant officer program if my career path allows. I want to finish my bachelor's degree and remain in Montana.
B39: SECTION 4 — ADDITIONAL CAREER INFORMATION
B40: Have you been to any command/KD position? | C40: No | D40: Currently promotable (P)? | E40: No | F40: On promotion list for current grade? | G40: No
B41: Previous Key Assignments (summarize) | C41: SPC - 92Y supply tech at 495th CSSC; SGT - acting supply NCOIC during annual training 2025
B42: Physical Fitness Status | C42: Passing | D42: Security Clearance Level | E42: Secret | F42: Deployment / GWOT Service | G42: 1 deployment (Afghanistan 2021)
B43: Awards / Distinction (brief summary) | C43: Army Achievement Medal x2, Army Commendation Medal, Expert Infantryman Badge
B44: Mentor Name (if identified) | D44: Mentor Rank / Role | F44: Senior Rater Name
B46: KEY PROFILE CELLS (used by CALC ENGINE) → Rank=C6 | Category=E6 | Status=G6 | MOS=C7 | HomeCity=C10 | MaxCommute=G10 | TargetRank=C25 | PrimaryGoal=C26 | PositionType=C27 | SwitchMOS=G27

Sheet POSITION MATCHES
B1: POSITION MATCHES | Scores update automatically when you change MY PROFILE
B2: =" Soldier: "&'MY PROFILE'!C6&" "&'MY PROFILE'!E6&" | MOS: "&'MY PROFILE'!C7&" | Home: "&'MY PROFILE'!C10&" | Target: "&'MY PROFILE'!C25&" | Goal: "&'MY PROFILE'!C26
C4: STRONG MATCH | E4: GOOD MATCH | G4: MODERATE / STRETCH | I4: POSSIBLE — GAPS | K4: NOT RECOMMENDED
B5: # | C5: Rank | D5: Unit | E5: City | F5: Duty Title | G5: Grade | H5: Cat | I5: MOS | J5: Position Type | K5: KD? | L5: Status | M5: Vacancy | N5: Grade Score | O5: MOS Score | P5: Commute Score | Q5: Goal Score | R5: Status Score | S5: TOTAL SCORE | T5: MATCH LABEL | U5: Commute (min)
B6: 1 | C6: ='CALC ENGINE'!B3 | D6: ='CALC ENGINE'!C3 | E6: ='CALC ENGINE'!D3 | F6: ='CALC ENGINE'!E3 | G6: ='CALC ENGINE'!F3 | H6: ='CALC ENGINE'!G3 | I6: ='CALC ENGINE'!H3 | J6: ='CALC ENGINE'!I3 | ... L6: ='CALC ENGINE'!K3 | M6: ='CALC ENGINE'!M3 | N6: ='CALC ENGINE'!N3 | O6: ='CALC ENGINE'!O3 | P6: ='CALC ENGINE'!P3 | Q6: ='CALC ENGINE'!Q3 | R6: ='CALC ENGINE'!R3 | S6: ='CALC ENGINE'!S3 | T6: ='CALC ENGINE'!T3
B7: 2 | C7: ='CALC ENGINE'!B4 | D7: ='CALC ENGINE'!C4 | E7: ='CALC ENGINE'!D4 | F7: ='CALC ENGINE'!E4 | G7: ='CALC ENGINE'!F4 | H7: ='CALC ENGINE'!G4 | I7: ='CALC ENGINE'!H4 | J7: ='CALC ENGINE'!I4 | ... L7: ='CALC ENGINE'!K4 | M7: ='CALC ENGINE'!M4 | N7: ='CALC ENGINE'!N4 | O7: ='CALC ENGINE'!O4 | P7: ='CALC ENGINE'!P4 | Q7: ='CALC ENGINE'!Q4 | R7: ='CALC ENGINE'!R4 | S7: ='CALC ENGINE'!S4 | T7: ='CALC ENGINE'!T4
B8: 3 | C8: ='CALC ENGINE'!B5 | D8: ='CALC ENGINE'!C5 | E8: ='CALC ENGINE'!D5 | F8: ='CALC ENGINE'!E5 | G8: ='CALC ENGINE'!F5 | H8: ='CALC ENGINE'!G5 | I8: ='CALC ENGINE'!H5 | J8: ='CALC ENGINE'!I5 | ... L8: ='CALC ENGINE'!K5 | M8: ='CALC ENGINE'!M5 | N8: ='CALC ENGINE'!N5 | O8: ='CALC ENGINE'!O5 | P8: ='CALC ENGINE'!P5 | Q8: ='CALC ENGINE'!Q5 | R8: ='CALC ENGINE'!R5 | S8: ='CALC ENGINE'!S5 | T8: ='CALC ENGINE'!T5
B9: 4 | C9: ='CALC ENGINE'!B6 | D9: ='CALC ENGINE'!C6 | E9: ='CALC ENGINE'!D6 | F9: ='CALC ENGINE'!E6 | G9: ='CALC ENGINE'!F6 | H9: ='CALC ENGINE'!G6 | I9: ='CALC ENGINE'!H6 | J9: ='CALC ENGINE'!I6 | ... L9: ='CALC ENGINE'!K6 | M9: ='CALC ENGINE'!M6 | N9: ='CALC ENGINE'!N6 | O9: ='CALC ENGINE'!O6 | P9: ='CALC ENGINE'!P6 | Q9: ='CALC ENGINE'!Q6 | R9: ='CALC ENGINE'!R6 | S9: ='CALC ENGINE'!S6 | T9: ='CALC ENGINE'!T6
B10: 5 | C10: ='CALC ENGINE'!B7 | D10: ='CALC ENGINE'!C7 | E10: ='CALC ENGINE'!D7 | F10: ='CALC ENGINE'!E7 | G10: ='CALC ENGINE'!F7 | H10: ='CALC ENGINE'!G7 | I10: ='CALC ENGINE'!H7 | J10: ='CALC ENGINE'!I7 | ... L10: ='CALC ENGINE'!K7 | M10: ='CALC ENGINE'!M7 | N10: ='CALC ENGINE'!N7 | O10: ='CALC ENGINE'!O7 | P10: ='CALC ENGINE'!P7 | Q10: ='CALC ENGINE'!Q7 | R10: ='CALC ENGINE'!R7 | S10: ='CALC ENGINE'!S7 | T10: ='CALC ENGINE'!T7
B11: 6 | C11: ='CALC ENGINE'!B8 | D11: ='CALC ENGINE'!C8 | E11: ='CALC ENGINE'!D8 | F11: ='CALC ENGINE'!E8 | G11: ='CALC ENGINE'!F8 | H11: ='CALC ENGINE'!G8 | I11: ='CALC ENGINE'!H8 | J11: ='CALC ENGINE'!I8 | ... L11: ='CALC ENGINE'!K8 | M11: ='CALC ENGINE'!M8 | N11: ='CALC ENGINE'!N8 | O11: ='CALC ENGINE'!O8 | P11: ='CALC ENGINE'!P8 | Q11: ='CALC ENGINE'!Q8 | R11: ='CALC ENGINE'!R8 | S11: ='CALC ENGINE'!S8 | T11: ='CALC ENGINE'!T8
B12: 7 | C12: ='CALC ENGINE'!B9 | D12: ='CALC ENGINE'!C9 | E12: ='CALC ENGINE'!D9 | F12: ='CALC ENGINE'!E9 | G12: ='CALC ENGINE'!F9 | H12: ='CALC ENGINE'!G9 | I12: ='CALC ENGINE'!H9 | J12: ='CALC ENGINE'!I9 | ... L12: ='CALC ENGINE'!K9 | M12: ='CALC ENGINE'!M9 | N12: ='CALC ENGINE'!N9 | O12: ='CALC ENGINE'!O9 | P12: ='CALC ENGINE'!P9 | Q12: ='CALC ENGINE'!Q9 | R12: ='CALC ENGINE'!R9 | S12: ='CALC ENGINE'!S9 | T12: ='CALC ENGINE'!T9
B13: 8 | C13: ='CALC ENGINE'!B10 | D13: ='CALC ENGINE'!C10 | E13: ='CALC ENGINE'!D10 | F13: ='CALC ENGINE'!E10 | G13: ='CALC ENGINE'!F10 | H13: ='CALC ENGINE'!G10 | I13: ='CALC ENGINE'!H10 | J13: ='CALC ENGINE'!I10 | ... L13: ='CALC ENGINE'!K10 | M13: ='CALC ENGINE'!M10 | N13: ='CALC ENGINE'!N10 | O13: ='CALC ENGINE'!O10 | P13: ='CALC ENGINE'!P10 | Q13: ='CALC ENGINE'!Q10 | R13: ='CALC ENGINE'!R10 | S13: ='CALC ENGINE'!S10 | T13: ='CALC ENGINE'!T10
B14: 9 | C14: ='CALC ENGINE'!B11 | D14: ='CALC ENGINE'!C11 | E14: ='CALC ENGINE'!D11 | F14: ='CALC ENGINE'!E11 | G14: ='CALC ENGINE'!F11 | H14: ='CALC ENGINE'!G11 | I14: ='CALC ENGINE'!H11 | J14: ='CALC ENGINE'!I11 | ... L14: ='CALC ENGINE'!K11 | M14: ='CALC ENGINE'!M11 | N14: ='CALC ENGINE'!N11 | O14: ='CALC ENGINE'!O11 | P14: ='CALC ENGINE'!P11 | Q14: ='CALC ENGINE'!Q11 | R14: ='CALC ENGINE'!R11 | S14: ='CALC ENGINE'!S11 | T14: ='CALC ENGINE'!T11
B15: 10 | C15: ='CALC ENGINE'!B12 | D15: ='CALC ENGINE'!C12 | E15: ='CALC ENGINE'!D12 | F15: ='CALC ENGINE'!E12 | G15: ='CALC ENGINE'!F12 | H15: ='CALC ENGINE'!G12 | I15: ='CALC ENGINE'!H12 | J15: ='CALC ENGINE'!I12 | ... L15: ='CALC ENGINE'!K12 | M15: ='CALC ENGINE'!M12 | N15: ='CALC ENGINE'!N12 | O15: ='CALC ENGINE'!O12 | P15: ='CALC ENGINE'!P12 | Q15: ='CALC ENGINE'!Q12 | R15: ='CALC ENGINE'!R12 | S15: ='CALC ENGINE'!S12 | T15: ='CALC ENGINE'!T12
B16: 11 | C16: ='CALC ENGINE'!B13 | D16: ='CALC ENGINE'!C13 | E16: ='CALC ENGINE'!D13 | F16: ='CALC ENGINE'!E13 | G16: ='CALC ENGINE'!F13 | H16: ='CALC ENGINE'!G13 | I16: ='CALC ENGINE'!H13 | J16: ='CALC ENGINE'!I13 | ... L16: ='CALC ENGINE'!K13 | M16: ='CALC ENGINE'!M13 | N16: ='CALC ENGINE'!N13 | O16: ='CALC ENGINE'!O13 | P16: ='CALC ENGINE'!P13 | Q16: ='CALC ENGINE'!Q13 | R16: ='CALC ENGINE'!R13 | S16: ='CALC ENGINE'!S13 | T16: ='CALC ENGINE'!T13
B17: 12 | C17: ='CALC ENGINE'!B14 | D17: ='CALC ENGINE'!C14 | E17: ='CALC ENGINE'!D14 | F17: ='CALC ENGINE'!E14 | G17: ='CALC ENGINE'!F14 | H17: ='CALC ENGINE'!G14 | I17: ='CALC ENGINE'!H14 | J17: ='CALC ENGINE'!I14 | ... L17: ='CALC ENGINE'!K14 | M17: ='CALC ENGINE'!M14 | N17: ='CALC ENGINE'!N14 | O17: ='CALC ENGINE'!O14 | P17: ='CALC ENGINE'!P14 | Q17: ='CALC ENGINE'!Q14 | R17: ='CALC ENGINE'!R14 | S17: ='CALC ENGINE'!S14 | T17: ='CALC ENGINE'!T14
... B85: 80 | C85: ='CALC ENGINE'!B82 | D85: ='CALC ENGINE'!C82 | E85: ='CALC ENGINE'!D82 | F85: ='CALC ENGINE'!E82 | G85: ='CALC ENGINE'!F82 | H85: ='CALC ENGINE'!G82 | I85: ='CALC ENGINE'!H82 | J85: ='CALC ENGINE'!I82 | ... L85: ='CALC ENGINE'!K82 | M85: ='CALC ENGINE'!M82 | N85: ='CALC ENGINE'!N82 | O85: ='CALC ENGINE'!O82 | P85: ='CALC ENGINE'!P82 | Q85: ='CALC ENGINE'!Q82 | R85: ='CALC ENGINE'!R82 | S85: ='CALC ENGINE'!S82 | T85: ='CALC ENGINE'!T82

Sheet COMMUTE ANALYSIS
B1: COMMUTE ANALYSIS | Drive time and distance impact for each matched position
B2: ="Home City: "&'MY PROFILE'!C10&" | Max Commute: "&'MY PROFILE'!G10&" | Positions showing: All 80 — filter by MATCH LABEL or VACANCY"
C4: SHORT (≤30 min) | E4: MEDIUM (31–90 min) | G4: LONG (91–180 min) | I4: VERY LONG (>180 min) | K4: SAME CITY
B5: # | C5: Unit | D5: Position City | E5: Duty Title | F5: Grade | G5: One-Way (min) | H5: One-Way (miles approx) | I5: Round Trip (min) | J5: Drill WE (4 legs, hrs) | K5: Within Max? | L5: Commute Category | M5: Match Label
B6: 1 | C6: ='CALC ENGINE'!B3 | D6: ='CALC ENGINE'!C3 | E6: ='CALC ENGINE'!D3 | F6: ='CALC ENGINE'!E3 | G6: ='CALC ENGINE'!T3 | H6: =IFERROR(SUMPRODUCT(($A$201:$A$293='MY PROFILE'!C10)*($B$201:$B$293=C6)*($C$201:$C$293)),0) | I6: =IF(G6=999,"",G6*2) | J6: =IF(G6=999,"",ROUND(G6*4/60,1)&" hrs") | K6: =IF(G6=999,"Unknown",IF('MY PROFILE'!G10="No Limit","Yes",IF('MY PROFILE'!G10="30 Minutes",IF(G6<=30,"Yes","No"),IF('MY PROFILE'!G10="1 Hour",IF(G6<=60,"Yes","No"),IF('MY PROFILE'!G10="1.5 Hours",IF(G6<=90,"Yes","No"),IF('MY PROFILE'!G10="2 Hours",IF(G6<=120,"Yes","No"),IF('MY PROFILE'!G10="3 Hours",IF(G6<=180,"Yes","No"),"No"))))))) | L6: =IF(G6=0,"Same City",IF(G6<=30,"Short",IF(G6<=90,"Medium",IF(G6<=180,"Long","Very Long")))) | M6: ='CALC ENGINE'!S3
B7: 2 | C7: ='CALC ENGINE'!B4 | D7: ='CALC ENGINE'!C4 | E7: ='CALC ENGINE'!D4 | F7: ='CALC ENGINE'!E4 | G7: ='CALC ENGINE'!T4 | H7: =IFERROR(SUMPRODUCT(($A$201:$A$293='MY PROFILE'!C10)*($B$201:$B$293=C7)*($C$201:$C$293)),0) | I7: =IF(G7=999,"",G7*2) | J7: =IF(G7=999,"",ROUND(G7*4/60,1)&" hrs") | K7: =IF(G7=999,"Unknown",IF('MY PROFILE'!G10="No Limit","Yes",IF('MY PROFILE'!G10="30 Minutes",IF(G7<=30,"Yes","No"),IF('MY PROFILE'!G10="1 Hour",IF(G7<=60,"Yes","No"),IF('MY PROFILE'!G10="1.5 Hours",IF(G7<=90,"Yes","No"),IF('MY PROFILE'!G10="2 Hours",IF(G7<=120,"Yes","No"),IF('MY PROFILE'!G10="3 Hours",IF(G7<=180,"Yes","No"),"No"))))))) | L7: =IF(G7=0,"Same City",IF(G7<=30,"Short",IF(G7<=90,"Medium",IF(G7<=180,"Long","Very Long")))) | M7: ='CALC ENGINE'!S4
B8: 3 | C8: ='CALC ENGINE'!B5 | D8: ='CALC ENGINE'!C5 | E8: ='CALC ENGINE'!D5 | F8: ='CALC ENGINE'!E5 | G8: ='CALC ENGINE'!T5 | H8: =IFERROR(SUMPRODUCT(($A$201:$A$293='MY PROFILE'!C10)*($B$201:$B$293=C8)*($C$201:$C$293)),0) | I8: =IF(G8=999,"",G8*2) | J8: =IF(G8=999,"",ROUND(G8*4/60,1)&" hrs") | K8: =IF(G8=999,"Unknown",IF('MY PROFILE'!G10="No Limit","Yes",IF('MY PROFILE'!G10="30 Minutes",IF(G8<=30,"Yes","No"),IF('MY PROFILE'!G10="1 Hour",IF(G8<=60,"Yes","No"),IF('MY PROFILE'!G10="1.5 Hours",IF(G8<=90,"Yes","No"),IF('MY PROFILE'!G10="2 Hours",IF(G8<=120,"Yes","No"),IF('MY PROFILE'!G10="3 Hours",IF(G8<=180,"Yes","No"),"No"))))))) | L8: =IF(G8=0,"Same City",IF(G8<=30,"Short",IF(G8<=90,"Medium",IF(G8<=180,"Long","Very Long")))) | M8: ='CALC ENGINE'!S5
B9: 4 | C9: ='CALC ENGINE'!B6 | D9: ='CALC ENGINE'!C6 | E9: ='CALC ENGINE'!D6 | F9: ='CALC ENGINE'!E6 | G9: ='CALC ENGINE'!T6 | H9: =IFERROR(SUMPRODUCT(($A$201:$A$293='MY PROFILE'!C10)*($B$201:$B$293=C9)*($C$201:$C$293)),0) | I9: =IF(G9=999,"",G9*2) | J9: =IF(G9=999,"",ROUND(G9*4/60,1)&" hrs") | K9: =IF(G9=999,"Unknown",IF('MY PROFILE'!G10="No Limit","Yes",IF('MY PROFILE'!G10="30 Minutes",IF(G9<=30,"Yes","No"),IF('MY PROFILE'!G10="1 Hour",IF(G9<=60,"Yes","No"),IF('MY PROFILE'!G10="1.5 Hours",IF(G9<=90,"Yes","No"),IF('MY PROFILE'!G10="2 Hours",IF(G9<=120,"Yes","No"),IF('MY PROFILE'!G10="3 Hours",IF(G9<=180,"Yes","No"),"No"))))))) | L9: =IF(G9=0,"Same City",IF(G9<=30,"Short",IF(G9<=90,"Medium",IF(G9<=180,"Long","Very Long")))) | M9: ='CALC ENGINE'!S6
B10: 5 | C10: ='CALC ENGINE'!B7 | D10: ='CALC ENGINE'!C7 | E10: ='CALC ENGINE'!D7 | F10: ='CALC ENGINE'!E7 | G10: ='CALC ENGINE'!T7 | H10: =IFERROR(SUMPRODUCT(($A$201:$A$293='MY PROFILE'!C10)*($B$201:$B$293=C10)*($C$201:$C$293)),0) | I10: =IF(G10=999,"",G10*2) | J10: =IF(G10=999,"",ROUND(G10*4/60,1)&" hrs") | K10: =IF(G10=999,"Unknown",IF('MY PROFILE'!G10="No Limit","Yes",IF('MY PROFILE'!G10="30 Minutes",IF(G10<=30,"Yes","No"),IF('MY PROFILE'!G10="1 Hour",IF(G10<=60,"Yes","No"),IF('MY PROFILE'!G10="1.5 Hours",IF(G10<=90,"Yes","No"),IF('MY PROFILE'!G10="2 Hours",IF(G10<=120,"Yes","No"),IF('MY PROFILE'!G10="3 Hours",IF(G10<=180,"Yes","No"),"No"))))))) | L10: =IF(G10=0,"Same City",IF(G10<=30,"Short",IF(G10<=90,"Medium",IF(G10<=180,"Long","Very Long")))) | M10: ='CALC ENGINE'!S7
B11: 6 | C11: ='CALC ENGINE'!B8 | D11: ='CALC ENGINE'!C8 | E11: ='CALC ENGINE'!D8 | F11: ='CALC ENGINE'!E8 | G11: ='CALC ENGINE'!T8 | H11: =IFERROR(SUMPRODUCT(($A$201:$A$293='MY PROFILE'!C10)*($B$201:$B$293=C11)*($C$201:$C$293)),0) | I11: =IF(G11=999,"",G11*2) | J11: =IF(G11=999,"",ROUND(G11*4/60,1)&" hrs") | K11: =IF(G11=999,"Unknown",IF('MY PROFILE'!G10="No Limit","Yes",IF('MY PROFILE'!G10="30 Minutes",IF(G11<=30,"Yes","No"),IF('MY PROFILE'!G10="1 Hour",IF(G11<=60,"Yes","No"),IF('MY PROFILE'!G10="1.5 Hours",IF(G11<=90,"Yes","No"),IF('MY PROFILE'!G10="2 Hours",IF(G11<=120,"Yes","No"),IF('MY PROFILE'!G10="3 Hours",IF(G11<=180,"Yes","No"),"No"))))))) | L11: =IF(G11=0,"Same City",IF(G11<=30,"Short",IF(G11<=90,"Medium",IF(G11<=180,"Long","Very Long")))) | M11: ='CALC ENGINE'!S8
B12: 7 | C12: ='CALC ENGINE'!B9 | D12: ='CALC ENGINE'!C9 | E12: ='CALC ENGINE'!D9 | F12: ='CALC ENGINE'!E9 | G12: ='CALC ENGINE'!T9 | H12: =IFERROR(SUMPRODUCT(($A$201:$A$293='MY PROFILE'!C10)*($B$201:$B$293=C12)*($C$201:$C$293)),0) | I12: =IF(G12=999,"",G12*2) | J12: =IF(G12=999,"",ROUND(G12*4/60,1)&" hrs") | K12: =IF(G12=999,"Unknown",IF('MY PROFILE'!G10="No Limit","Yes",IF('MY PROFILE'!G10="30 Minutes",IF(G12<=30,"Yes","No"),IF('MY PROFILE'!G10="1 Hour",IF(G12<=60,"Yes","No"),IF('MY PROFILE'!G10="1.5 Hours",IF(G12<=90,"Yes","No"),IF('MY PROFILE'!G10="2 Hours",IF(G12<=120,"Yes","No"),IF('MY PROFILE'!G10="3 Hours",IF(G12<=180,"Yes","No"),"No"))))))) | L12: =IF(G12=0,"Same City",IF(G12<=30,"Short",IF(G12<=90,"Medium",IF(G12<=180,"Long","Very Long")))) | M12: ='CALC ENGINE'!S9
B13: 8 | C13: ='CALC ENGINE'!B10 | D13: ='CALC ENGINE'!C10 | E13: ='CALC ENGINE'!D10 | F13: ='CALC ENGINE'!E10 | G13: ='CALC ENGINE'!T10 | H13: =IFERROR(SUMPRODUCT(($A$201:$A$293='MY PROFILE'!C10)*($B$201:$B$293=C13)*($C$201:$C$293)),0) | I13: =IF(G13=999,"",G13*2) | J13: =IF(G13=999,"",ROUND(G13*4/60,1)&" hrs") | K13: =IF(G13=999,"Unknown",IF('MY PROFILE'!G10="No Limit","Yes",IF('MY PROFILE'!G10="30 Minutes",IF(G13<=30,"Yes","No"),IF('MY PROFILE'!G10="1 Hour",IF(G13<=60,"Yes","No"),IF('MY PROFILE'!G10="1.5 Hours",IF(G13<=90,"Yes","No"),IF('MY PROFILE'!G10="2 Hours",IF(G13<=120,"Yes","No"),IF('MY PROFILE'!G10="3 Hours",IF(G13<=180,"Yes","No"),"No"))))))) | L13: =IF(G13=0,"Same City",IF(G13<=30,"Short",IF(G13<=90,"Medium",IF(G13<=180,"Long","Very Long")))) | M13: ='CALC ENGINE'!S10
B14: 9 | C14: ='CALC ENGINE'!B11 | D14: ='CALC ENGINE'!C11 | E14: ='CALC ENGINE'!D11 | F14: ='CALC ENGINE'!E11 | G14: ='CALC ENGINE'!T11 | H14: =IFERROR(SUMPRODUCT(($A$201:$A$293='MY PROFILE'!C10)*($B$201:$B$293=C14)*($C$201:$C$293)),0) | I14: =IF(G14=999,"",G14*2) | J14: =IF(G14=999,"",ROUND(G14*4/60,1)&" hrs") | K14: =IF(G14=999,"Unknown",IF('MY PROFILE'!G10="No Limit","Yes",IF('MY PROFILE'!G10="30 Minutes",IF(G14<=30,"Yes","No"),IF('MY PROFILE'!G10="1 Hour",IF(G14<=60,"Yes","No"),IF('MY PROFILE'!G10="1.5 Hours",IF(G14<=90,"Yes","No"),IF('MY PROFILE'!G10="2 Hours",IF(G14<=120,"Yes","No"),IF('MY PROFILE'!G10="3 Hours",IF(G14<=180,"Yes","No"),"No"))))))) | L14: =IF(G14=0,"Same City",IF(G14<=30,"Short",IF(G14<=90,"Medium",IF(G14<=180,"Long","Very Long")))) | M14: ='CALC ENGINE'!S11
B15: 10 | C15: ='CALC ENGINE'!B12 | D15: ='CALC ENGINE'!C12 | E15: ='CALC ENGINE'!D12 | F15: ='CALC ENGINE'!E12 | G15: ='CALC ENGINE'!T12 | H15: =IFERROR(SUMPRODUCT(($A$201:$A$293='MY PROFILE'!C10)*($B$201:$B$293=C15)*($C$201:$C$293)),0) | I15: =IF(G15=999,"",G15*2) | J15: =IF(G15=999,"",ROUND(G15*4/60,1)&" hrs") | K15: =IF(G15=999,"Unknown",IF('MY PROFILE'!G10="No Limit","Yes",IF('MY PROFILE'!G10="30 Minutes",IF(G15<=30,"Yes","No"),IF('MY PROFILE'!G10="1 Hour",IF(G15<=60,"Yes","No"),IF('MY PROFILE'!G10="1.5 Hours",IF(G15<=90,"Yes","No"),IF('MY PROFILE'!G10="2 Hours",IF(G15<=120,"Yes","No"),IF('MY PROFILE'!G10="3 Hours",IF(G15<=180,"Yes","No"),"No"))))))) | L15: =IF(G15=0,"Same City",IF(G15<=30,"Short",IF(G15<=90,"Medium",IF(G15<=180,"Long","Very Long")))) | M15: ='CALC ENGINE'!S12
B16: 11 | C16: ='CALC ENGINE'!B13 | D16: ='CALC ENGINE'!C13 | E16: ='CALC ENGINE'!D13 | F16: ='CALC ENGINE'!E13 | G16: ='CALC ENGINE'!T13 | H16: =IFERROR(SUMPRODUCT(($A$201:$A$293='MY PROFILE'!C10)*($B$201:$B$293=C16)*($C$201:$C$293)),0) | I16: =IF(G16=999,"",G16*2) | J16: =IF(G16=999,"",ROUND(G16*4/60,1)&" hrs") | K16: =IF(G16=999,"Unknown",IF('MY PROFILE'!G10="No Limit","Yes",IF('MY PROFILE'!G10="30 Minutes",IF(G16<=30,"Yes","No"),IF('MY PROFILE'!G10="1 Hour",IF(G16<=60,"Yes","No"),IF('MY PROFILE'!G10="1.5 Hours",IF(G16<=90,"Yes","No"),IF('MY PROFILE'!G10="2 Hours",IF(G16<=120,"Yes","No"),IF('MY PROFILE'!G10="3 Hours",IF(G16<=180,"Yes","No"),"No"))))))) | L16: =IF(G16=0,"Same City",IF(G16<=30,"Short",IF(G16<=90,"Medium",IF(G16<=180,"Long","Very Long")))) | M16: ='CALC ENGINE'!S13
B17: 12 | C17: ='CALC ENGINE'!B14 | D17: ='CALC ENGINE'!C14 | E17: ='CALC ENGINE'!D14 | F17: ='CALC ENGINE'!E14 | G17: ='CALC ENGINE'!T14 | H17: =IFERROR(SUMPRODUCT(($A$201:$A$293='MY PROFILE'!C10)*($B$201:$B$293=C17)*($C$201:$C$293)),0) | I17: =IF(G17=999,"",G17*2) | J17: =IF(G17=999,"",ROUND(G17*4/60,1)&" hrs") | K17: =IF(G17=999,"Unknown",IF('MY PROFILE'!G10="No Limit","Yes",IF('MY PROFILE'!G10="30 Minutes",IF(G17<=30,"Yes","No"),IF('MY PROFILE'!G10="1 Hour",IF(G17<=60,"Yes","No"),IF('MY PROFILE'!G10="1.5 Hours",IF(G17<=90,"Yes","No"),IF('MY PROFILE'!G10="2 Hours",IF(G17<=120,"Yes","No"),IF('MY PROFILE'!G10="3 Hours",IF(G17<=180,"Yes","No"),"No"))))))) | L17: =IF(G17=0,"Same City",IF(G17<=30,"Short",IF(G17<=90,"Medium",IF(G17<=180,"Long","Very Long")))) | M17: ='CALC ENGINE'!S14
B18: 13 | C18: ='CALC ENGINE'!B15 | D18: ='CALC ENGINE'!C15 | E18: ='CALC ENGINE'!D15 | F18: ='CALC ENGINE'!E15 | G18: ='CALC ENGINE'!T15 | H18: =IFERROR(SUMPRODUCT(($A$201:$A$293='MY PROFILE'!C10)*($B$201:$B$293=C18)*($C$201:$C$293)),0) | I18: =IF(G18=999,"",G18*2) | J18: =IF(G18=999,"",ROUND(G18*4/60,1)&" hrs") | K18: =IF(G18=999,"Unknown",IF('MY PROFILE'!G10="No Limit","Yes",IF('MY PROFILE'!G10="30 Minutes",IF(G18<=30,"Yes","No"),IF('MY PROFILE'!G10="1 Hour",IF(G18<=60,"Yes","No"),IF('MY PROFILE'!G10="1.5 Hours",IF(G18<=90,"Yes","No"),IF('MY PROFILE'!G10="2 Hours",IF(G18<=120,"Yes","No"),IF('MY PROFILE'!G10="3 Hours",IF(G18<=180,"Yes","No"),"No"))))))) | L18: =IF(G18=0,"Same City",IF(G18<=30,"Short",IF(G18<=90,"Medium",IF(G18<=180,"Long","Very Long")))) | M18: ='CALC ENGINE'!S15
B19: 14 | C19: ='CALC ENGINE'!B16 | D19: ='CALC ENGINE'!C16 | E19: ='CALC ENGINE'!D16 | F19: ='CALC ENGINE'!E16 | G19: ='CALC ENGINE'!T16 | H19: =IFERROR(SUMPRODUCT(($A$201:$A$293='MY PROFILE'!C10)*($B$201:$B$293=C19)*($C$201:$C$293)),0) | I19: =IF(G19=999,"",G19*2) | J19: =IF(G19=999,"",ROUND(G19*4/60,1)&" hrs") | K19: =IF(G19=999,"Unknown",IF('MY PROFILE'!G10="No Limit","Yes",IF('MY PROFILE'!G10="30 Minutes",IF(G19<=30,"Yes","No"),IF('MY PROFILE'!G10="1 Hour",IF(G19<=60,"Yes","No"),IF('MY PROFILE'!G10="1.5 Hours",IF(G19<=90,"Yes","No"),IF('MY PROFILE'!G10="2 Hours",IF(G19<=120,"Yes","No"),IF('MY PROFILE'!G10="3 Hours",IF(G19<=180,"Yes","No"),"No"))))))) | L19: =IF(G19=0,"Same City",IF(G19<=30,"Short",IF(G19<=90,"Medium",IF(G19<=180,"Long","Very Long")))) | M19: ='CALC ENGINE'!S16
B20: 15 | C20: ='CALC ENGINE'!B17 | D20: ='CALC ENGINE'!C17 | E20: ='CALC ENGINE'!D17 | F20: ='CALC ENGINE'!E17 | G20: ='CALC ENGINE'!T17 | H20: =IFERROR(SUMPRODUCT(($A$201:$A$293='MY PROFILE'!C10)*($B$201:$B$293=C20)*($C$201:$C$293)),0) | I20: =IF(G20=999,"",G20*2) | J20: =IF(G20=999,"",ROUND(G20*4/60,1)&" hrs") | K20: =IF(G20=999,"Unknown",IF('MY PROFILE'!G10="No Limit","Yes",IF('MY PROFILE'!G10="30 Minutes",IF(G20<=30,"Yes","No"),IF('MY PROFILE'!G10="1 Hour",IF(G20<=60,"Yes","No"),IF('MY PROFILE'!G10="1.5 Hours",IF(G20<=90,"Yes","No"),IF('MY PROFILE'!G10="2 Hours",IF(G20<=120,"Yes","No"),IF('MY PROFILE'!G10="3 Hours",IF(G20<=180,"Yes","No"),"No"))))))) | L20: =IF(G20=0,"Same City",IF(G20<=30,"Short",IF(G20<=90,"Medium",IF(G20<=180,"Long","Very Long")))) | M20: ='CALC ENGINE'!S17
B21: 16 | C21: ='CALC ENGINE'!B18 | D21: ='CALC ENGINE'!C18 | E21: ='CALC ENGINE'!D18 | F21: ='CALC ENGINE'!E18 | G21: ='CALC ENGINE'!T18 | H21: =IFERROR(SUMPRODUCT(($A$201:$A$293='MY PROFILE'!C10)*($B$201:$B$293=C21)*($C$201:$C$293)),0) | I21: =IF(G21=999,"",G21*2) | J21: =IF(G21=999,"",ROUND(G21*4/60,1)&" hrs") | K21: =IF(G21=999,"Unknown",IF('MY PROFILE'!G10="No Limit","Yes",IF('MY PROFILE'!G10="30 Minutes",IF(G21<=30,"Yes","No"),IF('MY PROFILE'!G10="1 Hour",IF(G21<=60,"Yes","No"),IF('MY PROFILE'!G10="1.5 Hours",IF(G21<=90,"Yes","No"),IF('MY PROFILE'!G10="2 Hours",IF(G21<=120,"Yes","No"),IF('MY PROFILE'!G10="3 Hours",IF(G21<=180,"Yes","No"),"No"))))))) | L21: =IF(G21=0,"Same City",IF(G21<=30,"Short",IF(G21<=90,"Medium",IF(G21<=180,"Long","Very Long")))) | M21: ='CALC ENGINE'!S18
B22: 17 | C22: ='CALC ENGINE'!B19 | D22: ='CALC ENGINE'!C19 | E22: ='CALC ENGINE'!D19 | F22: ='CALC ENGINE'!E19 | G22: ='CALC ENGINE'!T19 | H22: =IFERROR(SUMPRODUCT(($A$201:$A$293='MY PROFILE'!C10)*($B$201:$B$293=C22)*($C$201:$C$293)),0) | I22: =IF(G22=999,"",G22*2) | J22: =IF(G22=999,"",ROUND(G22*4/60,1)&" hrs") | K22: =IF(G22=999,"Unknown",IF('MY PROFILE'!G10="No Limit","Yes",IF('MY PROFILE'!G10="30 Minutes",IF(G22<=30,"Yes","No"),IF('MY PROFILE'!G10="1 Hour",IF(G22<=60,"Yes","No"),IF('MY PROFILE'!G10="1.5 Hours",IF(G22<=90,"Yes","No"),IF('MY PROFILE'!G10="2 Hours",IF(G22<=120,"Yes","No"),IF('MY PROFILE'!G10="3 Hours",IF(G22<=180,"Yes","No"),"No"))))))) | L22: =IF(G22=0,"Same City",IF(G22<=30,"Short",IF(G22<=90,"Medium",IF(G22<=180,"Long","Very Long")))) | M22: ='CALC ENGINE'!S19
B23: 18 | C23: ='CALC ENGINE'!B20 | D23: ='CALC ENGINE'!C20 | E23: ='CALC ENGINE'!D20 | F23: ='CALC ENGINE'!E20 | G23: ='CALC ENGINE'!T20 | H23: =IFERROR(SUMPRODUCT(($A$201:$A$293='MY PROFILE'!C10)*($B$201:$B$293=C23)*($C$201:$C$293)),0) | I23: =IF(G23=999,"",G23*2) | J23: =IF(G23=999,"",ROUND(G23*4/60,1)&" hrs") | K23: =IF(G23=999,"Unknown",IF('MY PROFILE'!G10="No Limit","Yes",IF('MY PROFILE'!G10="30 Minutes",IF(G23<=30,"Yes","No"),IF('MY PROFILE'!G10="1 Hour",IF(G23<=60,"Yes","No"),IF('MY PROFILE'!G10="1.5 Hours",IF(G23<=90,"Yes","No"),IF('MY PROFILE'!G10="2 Hours",IF(G23<=120,"Yes","No"),IF('MY PROFILE'!G10="3 Hours",IF(G23<=180,"Yes","No"),"No"))))))) | L23: =IF(G23=0,"Same City",IF(G23<=30,"Short",IF(G23<=90,"Medium",IF(G23<=180,"Long","Very Long")))) | M23: ='CALC ENGINE'!S20
B24: 19 | C24: ='CALC ENGINE'!B21 | D24: ='CALC ENGINE'!C21 | E24: ='CALC ENGINE'!D21 | F24: ='CALC ENGINE'!E21 | G24: ='CALC ENGINE'!T21 | H24: =IFERROR(SUMPRODUCT(($A$201:$A$293='MY PROFILE'!C10)*($B$201:$B$293=C24)*($C$201:$C$293)),0) | I24: =IF(G24=999,"",G24*2) | J24: =IF(G24=999,"",ROUND(G24*4/60,1)&" hrs") | K24: =IF(G24=999,"Unknown",IF('MY PROFILE'!G10="No Limit","Yes",IF('MY PROFILE'!G10="30 Minutes",IF(G24<=30,"Yes","No"),IF('MY PROFILE'!G10="1 Hour",IF(G24<=60,"Yes","No"),IF('MY PROFILE'!G10="1.5 Hours",IF(G24<=90,"Yes","No"),IF('MY PROFILE'!G10="2 Hours",IF(G24<=120,"Yes","No"),IF('MY PROFILE'!G10="3 Hours",IF(G24<=180,"Yes","No"),"No"))))))) | L24: =IF(G24=0,"Same City",IF(G24<=30,"Short",IF(G24<=90,"Medium",IF(G24<=180,"Long","Very Long")))) | M24: ='CALC ENGINE'!S21
B25: 20 | C25: ='CALC ENGINE'!B22 | D25: ='CALC ENGINE'!C22 | E25: ='CALC ENGINE'!D22 | F25: ='CALC ENGINE'!E22 | G25: ='CALC ENGINE'!T22 | H25: =IFERROR(SUMPRODUCT(($A$201:$A$293='MY PROFILE'!C10)*($B$201:$B$293=C25)*($C$201:$C$293)),0) | I25: =IF(G25=999,"",G25*2) | J25: =IF(G25=999,"",ROUND(G25*4/60,1)&" hrs") | K25: =IF(G25=999,"Unknown",IF('MY PROFILE'!G10="No Limit","Yes",IF('MY PROFILE'!G10="30 Minutes",IF(G25<=30,"Yes","No"),IF('MY PROFILE'!G10="1 Hour",IF(G25<=60,"Yes","No"),IF('MY PROFILE'!G10="1.5 Hours",IF(G25<=90,"Yes","No"),IF('MY PROFILE'!G10="2 Hours",IF(G25<=120,"Yes","No"),IF('MY PROFILE'!G10="3 Hours",IF(G25<=180,"Yes","No"),"No"))))))) | L25: =IF(G25=0,"Same City",IF(G25<=30,"Short",IF(G25<=90,"Medium",IF(G25<=180,"Long","Very Long")))) | M25: ='CALC ENGINE'!S22
B26: 21 | C26: ='CALC ENGINE'!B23 | D26: ='CALC ENGINE'!C23 | E26: ='CALC ENGINE'!D23 | F26: ='CALC ENGINE'!E23 | G26: ='CALC ENGINE'!T23 | H26: =IFERROR(SUMPRODUCT(($A$201:$A$293='MY PROFILE'!C10)*($B$201:$B$293=C26)*($C$201:$C$293)),0) | I26: =IF(G26=999,"",G26*2) | J26: =IF(G26=999,"",ROUND(G26*4/60,1)&" hrs") | K26: =IF(G26=999,"Unknown",IF('MY PROFILE'!G10="No Limit","Yes",IF('MY PROFILE'!G10="30 Minutes",IF(G26<=30,"Yes","No"),IF('MY PROFILE'!G10="1 Hour",IF(G26<=60,"Yes","No"),IF('MY PROFILE'!G10="1.5 Hours",IF(G26<=90,"Yes","No"),IF('MY PROFILE'!G10="2 Hours",IF(G26<=120,"Yes","No"),IF('MY PROFILE'!G10="3 Hours",IF(G26<=180,"Yes","No"),"No"))))))) | L26: =IF(G26=0,"Same City",IF(G26<=30,"Short",IF(G26<=90,"Medium",IF(G26<=180,"Long","Very Long")))) | M26: ='CALC ENGINE'!S23
B27: 22 | C27: ='CALC ENGINE'!B24 | D27: ='CALC ENGINE'!C24 | E27: ='CALC ENGINE'!D24 | F27: ='CALC ENGINE'!E24 | G27: ='CALC ENGINE'!T24 | H27: =IFERROR(SUMPRODUCT(($A$201:$A$293='MY PROFILE'!C10)*($B$201:$B$293=C27)*($C$201:$C$293)),0) | I27: =IF(G27=999,"",G27*2) | J27: =IF(G27=999,"",ROUND(G27*4/60,1)&" hrs") | K27: =IF(G27=999,"Unknown",IF('MY PROFILE'!G10="No Limit","Yes",IF('MY PROFILE'!G10="30 Minutes",IF(G27<=30,"Yes","No"),IF('MY PROFILE'!G10="1 Hour",IF(G27<=60,"Yes","No"),IF('MY PROFILE'!G10="1.5 Hours",IF(G27<=90,"Yes","No"),IF('MY PROFILE'!G10="2 Hours",IF(G27<=120,"Yes","No"),IF('MY PROFILE'!G10="3 Hours",IF(G27<=180,"Yes","No"),"No"))))))) | L27: =IF(G27=0,"Same City",IF(G27<=30,"Short",IF(G27<=90,"Medium",IF(G27<=180,"Long","Very Long")))) | M27: ='CALC ENGINE'!S24
B28: 23 | C28: ='CALC ENGINE'!B25 | D28: ='CALC ENGINE'!C25 | E28: ='CALC ENGINE'!D25 | F28: ='CALC ENGINE'!E25 | G28: ='CALC ENGINE'!T25 | H28: =IFERROR(SUMPRODUCT(($A$201:$A$293='MY PROFILE'!C10)*($B$201:$B$293=C28)*($C$201:$C$293)),0) | I28: =IF(G28=999,"",G28*2) | J28: =IF(G28=999,"",ROUND(G28*4/60,1)&" hrs") | K28: =IF(G28=999,"Unknown",IF('MY PROFILE'!G10="No Limit","Yes",IF('MY PROFILE'!G10="30 Minutes",IF(G28<=30,"Yes","No"),IF('MY PROFILE'!G10="1 Hour",IF(G28<=60,"Yes","No"),IF('MY PROFILE'!G10="1.5 Hours",IF(G28<=90,"Yes","No"),IF('MY PROFILE'!G10="2 Hours",IF(G28<=120,"Yes","No"),IF('MY PROFILE'!G10="3 Hours",IF(G28<=180,"Yes","No"),"No"))))))) | L28: =IF(G28=0,"Same City",IF(G28<=30,"Short",IF(G28<=90,"Medium",IF(G28<=180,"Long","Very Long")))) | M28: ='CALC ENGINE'!S25
B29: 24 | C29: ='CALC ENGINE'!B26 | D29: ='CALC ENGINE'!C26 | E29: ='CALC ENGINE'!D26 | F29: ='CALC ENGINE'!E26 | G29: ='CALC ENGINE'!T26 | H29: =IFERROR(SUMPRODUCT(($A$201:$A$293='MY PROFILE'!C10)*($B$201:$B$293=C29)*($C$201:$C$293)),0) | I29: =IF(G29=999,"",G29*2) | J29: =IF(G29=999,"",ROUND(G29*4/60,1)&" hrs") | K29: =IF(G29=999,"Unknown",IF('MY PROFILE'!G10="No Limit","Yes",IF('MY PROFILE'!G10="30 Minutes",IF(G29<=30,"Yes","No"),IF('MY PROFILE'!G10="1 Hour",IF(G29<=60,"Yes","No"),IF('MY PROFILE'!G10="1.5 Hours",IF(G29<=90,"Yes","No"),IF('MY PROFILE'!G10="2 Hours",IF(G29<=120,"Yes","No"),IF('MY PROFILE'!G10="3 Hours",IF(G29<=180,"Yes","No"),"No"))))))) | L29: =IF(G29=0,"Same City",IF(G29<=30,"Short",IF(G29<=90,"Medium",IF(G29<=180,"Long","Very Long")))) | M29: ='CALC ENGINE'!S26
B30: 25 | C30: ='CALC ENGINE'!B27 | D30: ='CALC ENGINE'!C27 | E30: ='CALC ENGINE'!D27 | F30: ='CALC ENGINE'!E27 | G30: ='CALC ENGINE'!T27 | H30: =IFERROR(SUMPRODUCT(($A$201:$A$293='MY PROFILE'!C10)*($B$201:$B$293=C30)*($C$201:$C$293)),0) | I30: =IF(G30=999,"",G30*2) | J30: =IF(G30=999,"",ROUND(G30*4/60,1)&" hrs") | K30: =IF(G30=999,"Unknown",IF('MY PROFILE'!G10="No Limit","Yes",IF('MY PROFILE'!G10="30 Minutes",IF(G30<=30,"Yes","No"),IF('MY PROFILE'!G10="1 Hour",IF(G30<=60,"Yes","No"),IF('MY PROFILE'!G10="1.5 Hours",IF(G30<=90,"Yes","No"),IF('MY PROFILE'!G10="2 Hours",IF(G30<=120,"Yes","No"),IF('MY PROFILE'!G10="3 Hours",IF(G30<=180,"Yes","No"),"No"))))))) | L30: =IF(G30=0,"Same City",IF(G30<=30,"Short",IF(G30<=90,"Medium",IF(G30<=180,"Long","Very Long")))) | M30: ='CALC ENGINE'!S27
B31: 26 | C31: ='CALC ENGINE'!B28 | D31: ='CALC ENGINE'!C28 | E31: ='CALC ENGINE'!D28 | F31: ='CALC ENGINE'!E28 | G31: ='CALC ENGINE'!T28 | H31: =IFERROR(SUMPRODUCT(($A$201:$A$293='MY PROFILE'!C10)*($B$201:$B$293=C31)*($C$201:$C$293)),0) | I31: =IF(G31=999,"",G31*2) | J31: =IF(G31=999,"",ROUND(G31*4/60,1)&" hrs") | K31: =IF(G31=999,"Unknown",IF('MY PROFILE'!G10="No Limit","Yes",IF('MY PROFILE'!G10="30 Minutes",IF(G31<=30,"Yes","No"),IF('MY PROFILE'!G10="1 Hour",IF(G31<=60,"Yes","No"),IF('MY PROFILE'!G10="1.5 Hours",IF(G31<=90,"Yes","No"),IF('MY PROFILE'!G10="2 Hours",IF(G31<=120,"Yes","No"),IF('MY PROFILE'!G10="3 Hours",IF(G31<=180,"Yes","No"),"No"))))))) | L31: =IF(G31=0,"Same City",IF(G31<=30,"Short",IF(G31<=90,"Medium",IF(G31<=180,"Long","Very Long")))) | M31: ='CALC ENGINE'!S28
B32: 27 | C32: ='CALC ENGINE'!B29 | D32: ='CALC ENGINE'!C29 | E32: ='CALC ENGINE'!D29 | F32: ='CALC ENGINE'!E29 | G32: ='CALC ENGINE'!T29 | H32: =IFERROR(SUMPRODUCT(($A$201:$A$293='MY PROFILE'!C10)*($B$201:$B$293=C32)*($C$201:$C$293)),0) | I32: =IF(G32=999,"",G32*2) | J32: =IF(G32=999,"",ROUND(G32*4/60,1)&" hrs") | K32: =IF(G32=999,"Unknown",IF('MY PROFILE'!G10="No Limit","Yes",IF('MY PROFILE'!G10="30 Minutes",IF(G32<=30,"Yes","No"),IF('MY PROFILE'!G10="1 Hour",IF(G32<=60,"Yes","No"),IF('MY PROFILE'!G10="1.5 Hours",IF(G32<=90,"Yes","No"),IF('MY PROFILE'!G10="2 Hours",IF(G32<=120,"Yes","No"),IF('MY PROFILE'!G10="3 Hours",IF(G32<=180,"Yes","No"),"No"))))))) | L32: =IF(G32=0,"Same City",IF(G32<=30,"Short",IF(G32<=90,"Medium",IF(G32<=180,"Long","Very Long")))) | M32: ='CALC ENGINE'!S29
B33: 28 | C33: ='CALC ENGINE'!B30 | D33: ='CALC ENGINE'!C30 | E33: ='CALC ENGINE'!D30 | F33: ='CALC ENGINE'!E30 | G33: ='CALC ENGINE'!T30 | H33: =IFERROR(SUMPRODUCT(($A$201:$A$293='MY PROFILE'!C10)*($B$201:$B$293=C33)*($C$201:$C$293)),0) | I33: =IF(G33=999,"",G33*2) | J33: =IF(G33=999,"",ROUND(G33*4/60,1)&" hrs") | K33: =IF(G33=999,"Unknown",IF('MY PROFILE'!G10="No Limit","Yes",IF('MY PROFILE'!G10="30 Minutes",IF(G33<=30,"Yes","No"),IF('MY PROFILE'!G10="1 Hour",IF(G33<=60,"Yes","No"),IF('MY PROFILE'!G10="1.5 Hours",IF(G33<=90,"Yes","No"),IF('MY PROFILE'!G10="2 Hours",IF(G33<=120,"Yes","No"),IF('MY PROFILE'!G10="3 Hours",IF(G33<=180,"Yes","No"),"No"))))))) | L33: =IF(G33=0,"Same City",IF(G33<=30,"Short",IF(G33<=90,"Medium",IF(G33<=180,"Long","Very Long")))) | M33: ='CALC ENGINE'!S30
B34: 29 | C34: ='CALC ENGINE'!B31 | D34: ='CALC ENGINE'!C31 | E34: ='CALC ENGINE'!D31 | F34: ='CALC ENGINE'!E31 | G34: ='CALC ENGINE'!T31 | H34: =IFERROR(SUMPRODUCT(($A$201:$A$293='MY PROFILE'!C10)*($B$201:$B$293=C34)*($C$201:$C$293)),0) | I34: =IF(G34=999,"",G34*2) | J34: =IF(G34=999,"",ROUND(G34*4/60,1)&" hrs") | K34: =IF(G34=999,"Unknown",IF('MY PROFILE'!G10="No Limit","Yes",IF('MY PROFILE'!G10="30 Minutes",IF(G34<=30,"Yes","No"),IF('MY PROFILE'!G10="1 Hour",IF(G34<=60,"Yes","No"),IF('MY PROFILE'!G10="1.5 Hours",IF(G34<=90,"Yes","No"),IF('MY PROFILE'!G10="2 Hours",IF(G34<=120,"Yes","No"),IF('MY PROFILE'!G10="3 Hours",IF(G34<=180,"Yes","No"),"No"))))))) | L34: =IF(G34=0,"Same City",IF(G34<=30,"Short",IF(G34<=90,"Medium",IF(G34<=180,"Long","Very Long")))) | M34: ='CALC ENGINE'!S31
B35: 30 | C35: ='CALC ENGINE'!B32 | D35: ='CALC ENGINE'!C32 | E35: ='CALC ENGINE'!D32 | F35: ='CALC ENGINE'!E32 | G35: ='CALC ENGINE'!T32 | H35: =IFERROR(SUMPRODUCT(($A$201:$A$293='MY PROFILE'!C10)*($B$201:$B$293=C35)*($C$201:$C$293)),0) | I35: =IF(G35=999,"",G35*2) | J35: =IF(G35=999,"",ROUND(G35*4/60,1)&" hrs") | K35: =IF(G35=999,"Unknown",IF('MY PROFILE'!G10="No Limit","Yes",IF('MY PROFILE'!G10="30 Minutes",IF(G35<=30,"Yes","No"),IF('MY PROFILE'!G10="1 Hour",IF(G35<=60,"Yes","No"),IF('MY PROFILE'!G10="1.5 Hours",IF(G35<=90,"Yes","No"),IF('MY PROFILE'!G10="2 Hours",IF(G35<=120,"Yes","No"),IF('MY PROFILE'!G10="3 Hours",IF(G35<=180,"Yes","No"),"No"))))))) | L35: =IF(G35=0,"Same City",IF(G35<=30,"Short",IF(G35<=90,"Medium",IF(G35<=180,"Long","Very Long")))) | M35: ='CALC ENGINE'!S32
B36: 31 | C36: ='CALC ENGINE'!B33 | D36: ='CALC ENGINE'!C33 | E36: ='CALC ENGINE'!D33 | F36: ='CALC ENGINE'!E33 | G36: ='CALC ENGINE'!T33 | H36: =IFERROR(SUMPRODUCT(($A$201:$A$293='MY PROFILE'!C10)*($B$201:$B$293=C36)*($C$201:$C$293)),0) | I36: =IF(G36=999,"",G36*2) | J36: =IF(G36=999,"",ROUND(G36*4/60,1)&" hrs") | K36: =IF(G36=999,"Unknown",IF('MY PROFILE'!G10="No Limit","Yes",IF('MY PROFILE'!G10="30 Minutes",IF(G36<=30,"Yes","No"),IF('MY PROFILE'!G10="1 Hour",IF(G36<=60,"Yes","No"),IF('MY PROFILE'!G10="1.5 Hours",IF(G36<=90,"Yes","No"),IF('MY PROFILE'!G10="2 Hours",IF(G36<=120,"Yes","No"),IF('MY PROFILE'!G10="3 Hours",IF(G36<=180,"Yes","No"),"No"))))))) | L36: =IF(G36=0,"Same City",IF(G36<=30,"Short",IF(G36<=90,"Medium",IF(G36<=180,"Long","Very Long")))) | M36: ='CALC ENGINE'!S33
B37: 32 | C37: ='CALC ENGINE'!B34 | D37: ='CALC ENGINE'!C34 | E37: ='CALC ENGINE'!D34 | F37: ='CALC ENGINE'!E34 | G37: ='CALC ENGINE'!T34 | H37: =IFERROR(SUMPRODUCT(($A$201:$A$293='MY PROFILE'!C10)*($B$201:$B$293=C37)*($C$201:$C$293)),0) | I37: =IF(G37=999,"",G37*2) | J37: =IF(G37=999,"",ROUND(G37*4/60,1)&" hrs") | K37: =IF(G37=999,"Unknown",IF('MY PROFILE'!G10="No Limit","Yes",IF('MY PROFILE'!G10="30 Minutes",IF(G37<=30,"Yes","No"),IF('MY PROFILE'!G10="1 Hour",IF(G37<=60,"Yes","No"),IF('MY PROFILE'!G10="1.5 Hours",IF(G37<=90,"Yes","No"),IF('MY PROFILE'!G10="2 Hours",IF(G37<=120,"Yes","No"),IF('MY PROFILE'!G10="3 Hours",IF(G37<=180,"Yes","No"),"No"))))))) | L37: =IF(G37=0,"Same City",IF(G37<=30,"Short",IF(G37<=90,"Medium",IF(G37<=180,"Long","Very Long")))) | M37: ='CALC ENGINE'!S34
B38: 33 | C38: ='CALC ENGINE'!B35 | D38: ='CALC ENGINE'!C35 | E38: ='CALC ENGINE'!D35 | F38: ='CALC ENGINE'!E35 | G38: ='CALC ENGINE'!T35 | H38: =IFERROR(SUMPRODUCT(($A$201:$A$293='MY PROFILE'!C10)*($B$201:$B$293=C38)*($C$201:$C$293)),0) | I38: =IF(G38=999,"",G38*2) | J38: =IF(G38=999,"",ROUND(G38*4/60,1)&" hrs") | K38: =IF(G38=999,"Unknown",IF('MY PROFILE'!G10="No Limit","Yes",IF('MY PROFILE'!G10="30 Minutes",IF(G38<=30,"Yes","No"),IF('MY PROFILE'!G10="1 Hour",IF(G38<=60,"Yes","No"),IF('MY PROFILE'!G10="1.5 Hours",IF(G38<=90,"Yes","No"),IF('MY PROFILE'!G10="2 Hours",IF(G38<=120,"Yes","No"),IF('MY PROFILE'!G10="3 Hours",IF(G38<=180,"Yes","No"),"No"))))))) | L38: =IF(G38=0,"Same City",IF(G38<=30,"Short",IF(G38<=90,"Medium",IF(G38<=180,"Long","Very Long")))) | M38: ='CALC ENGINE'!S35
B39: 34 | C39: ='CALC ENGINE'!B36 | D39: ='CALC ENGINE'!C36 | E39: ='CALC ENGINE'!D36 | F39: ='CALC ENGINE'!E36 | G39: ='CALC ENGINE'!T36 | H39: =IFERROR(SUMPRODUCT(($A$201:$A$293='MY PROFILE'!C10)*($B$201:$B$293=C39)*($C$201:$C$293)),0) | I39: =IF(G39=999,"",G39*2) | J39: =IF(G39=999,"",ROUND(G39*4/60,1)&" hrs") | K39: =IF(G39=999,"Unknown",IF('MY PROFILE'!G10="No Limit","Yes",IF('MY PROFILE'!G10="30 Minutes",IF(G39<=30,"Yes","No"),IF('MY PROFILE'!G10="1 Hour",IF(G39<=60,"Yes","No"),IF('MY PROFILE'!G10="1.5 Hours",IF(G39<=90,"Yes","No"),IF('MY PROFILE'!G10="2 Hours",IF(G39<=120,"Yes","No"),IF('MY PROFILE'!G10="3 Hours",IF(G39<=180,"Yes","No"),"No"))))))) | L39: =IF(G39=0,"Same City",IF(G39<=30,"Short",IF(G39<=90,"Medium",IF(G39<=180,"Long","Very Long")))) | M39: ='CALC ENGINE'!S36
B40: 35 | C40: ='CALC ENGINE'!B37 | D40: ='CALC ENGINE'!C37 | E40: ='CALC ENGINE'!D37 | F40: ='CALC ENGINE'!E37 | G40: ='CALC ENGINE'!T37 | H40: =IFERROR(SUMPRODUCT(($A$201:$A$293='MY PROFILE'!C10)*($B$201:$B$293=C40)*($C$201:$C$293)),0) | I40: =IF(G40=999,"",G40*2) | J40: =IF(G40=999,"",ROUND(G40*4/60,1)&" hrs") | K40: =IF(G40=999,"Unknown",IF('MY PROFILE'!G10="No Limit","Yes",IF('MY PROFILE'!G10="30 Minutes",IF(G40<=30,"Yes","No"),IF('MY PROFILE'!G10="1 Hour",IF(G40<=60,"Yes","No"),IF('MY PROFILE'!G10="1.5 Hours",IF(G40<=90,"Yes","No"),IF('MY PROFILE'!G10="2 Hours",IF(G40<=120,"Yes","No"),IF('MY PROFILE'!G10="3 Hours",IF(G40<=180,"Yes","No"),"No"))))))) | L40: =IF(G40=0,"Same City",IF(G40<=30,"Short",IF(G40<=90,"Medium",IF(G40<=180,"Long","Very Long")))) | M40: ='CALC ENGINE'!S37
B41: 36 | C41: ='CALC ENGINE'!B38 | D41: ='CALC ENGINE'!C38 | E41: ='CALC ENGINE'!D38 | F41: ='CALC ENGINE'!E38 | G41: ='CALC ENGINE'!T38 | H41: =IFERROR(SUMPRODUCT(($A$201:$A$293='MY PROFILE'!C10)*($B$201:$B$293=C41)*($C$201:$C$293)),0) | I41: =IF(G41=999,"",G41*2) | J41: =IF(G41=999,"",ROUND(G41*4/60,1)&" hrs") | K41: =IF(G41=999,"Unknown",IF('MY PROFILE'!G10="No Limit","Yes",IF('MY PROFILE'!G10="30 Minutes",IF(G41<=30,"Yes","No"),IF('MY PROFILE'!G10="1 Hour",IF(G41<=60,"Yes","No"),IF('MY PROFILE'!G10="1.5 Hours",IF(G41<=90,"Yes","No"),IF('MY PROFILE'!G10="2 Hours",IF(G41<=120,"Yes","No"),IF('MY PROFILE'!G10="3 Hours",IF(G41<=180,"Yes","No"),"No"))))))) | L41: =IF(G41=0,"Same City",IF(G41<=30,"Short",IF(G41<=90,"Medium",IF(G41<=180,"Long","Very Long")))) | M41: ='CALC ENGINE'!S38
B42: 37 | C42: ='CALC ENGINE'!B39 | D42: ='CALC ENGINE'!C39 | E42: ='CALC ENGINE'!D39 | F42: ='CALC ENGINE'!E39 | G42: ='CALC ENGINE'!T39 | H42: =IFERROR(SUMPRODUCT(($A$201:$A$293='MY PROFILE'!C10)*($B$201:$B$293=C42)*($C$201:$C$293)),0) | I42: =IF(G42=999,"",G42*2) | J42: =IF(G42=999,"",ROUND(G42*4/60,1)&" hrs") | K42: =IF(G42=999,"Unknown",IF('MY PROFILE'!G10="No Limit","Yes",IF('MY PROFILE'!G10="30 Minutes",IF(G42<=30,"Yes","No"),IF('MY PROFILE'!G10="1 Hour",IF(G42<=60,"Yes","No"),IF('MY PROFILE'!G10="1.5 Hours",IF(G42<=90,"Yes","No"),IF('MY PROFILE'!G10="2 Hours",IF(G42<=120,"Yes","No"),IF('MY PROFILE'!G10="3 Hours",IF(G42<=180,"Yes","No"),"No"))))))) | L42: =IF(G42=0,"Same City",IF(G42<=30,"Short",IF(G42<=90,"Medium",IF(G42<=180,"Long","Very Long")))) | M42: ='CALC ENGINE'!S39
B43: 38 | C43: ='CALC ENGINE'!B40 | D43: ='CALC ENGINE'!C40 | E43: ='CALC ENGINE'!D40 | F43: ='CALC ENGINE'!E40 | G43: ='CALC ENGINE'!T40 | H43: =IFERROR(SUMPRODUCT(($A$201:$A$293='MY PROFILE'!C10)*($B$201:$B$293=C43)*($C$201:$C$293)),0) | I43: =IF(G43=999,"",G43*2) | J43: =IF(G43=999,"",ROUND(G43*4/60,1)&" hrs") | K43: =IF(G43=999,"Unknown",IF('MY PROFILE'!G10="No Limit","Yes",IF('MY PROFILE'!G10="30 Minutes",IF(G43<=30,"Yes","No"),IF('MY PROFILE'!G10="1 Hour",IF(G43<=60,"Yes","No"),IF('MY PROFILE'!G10="1.5 Hours",IF(G43<=90,"Yes","No"),IF('MY PROFILE'!G10="2 Hours",IF(G43<=120,"Yes","No"),IF('MY PROFILE'!G10="3 Hours",IF(G43<=180,"Yes","No"),"No"))))))) | L43: =IF(G43=0,"Same City",IF(G43<=30,"Short",IF(G43<=90,"Medium",IF(G43<=180,"Long","Very Long")))) | M43: ='CALC ENGINE'!S40
B44: 39 | C44: ='CALC ENGINE'!B41 | D44: ='CALC ENGINE'!C41 | E44: ='CALC ENGINE'!D41 | F44: ='CALC ENGINE'!E41 | G44: ='CALC ENGINE'!T41 | H44: =IFERROR(SUMPRODUCT(($A$201:$A$293='MY PROFILE'!C10)*($B$201:$B$293=C44)*($C$201:$C$293)),0) | I44: =IF(G44=999,"",G44*2) | J44: =IF(G44=999,"",ROUND(G44*4/60,1)&" hrs") | K44: =IF(G44=999,"Unknown",IF('MY PROFILE'!G10="No Limit","Yes",IF('MY PROFILE'!G10="30 Minutes",IF(G44<=30,"Yes","No"),IF('MY PROFILE'!G10="1 Hour",IF(G44<=60,"Yes","No"),IF('MY PROFILE'!G10="1.5 Hours",IF(G44<=90,"Yes","No"),IF('MY PROFILE'!G10="2 Hours",IF(G44<=120,"Yes","No"),IF('MY PROFILE'!G10="3 Hours",IF(G44<=180,"Yes","No"),"No"))))))) | L44: =IF(G44=0,"Same City",IF(G44<=30,"Short",IF(G44<=90,"Medium",IF(G44<=180,"Long","Very Long")))) | M44: ='CALC ENGINE'!S41
B45: 40 | C45: ='CALC ENGINE'!B42 | D45: ='CALC ENGINE'!C42 | E45: ='CALC ENGINE'!D42 | F45: ='CALC ENGINE'!E42 | G45: ='CALC ENGINE'!T42 | H45: =IFERROR(SUMPRODUCT(($A$201:$A$293='MY PROFILE'!C10)*($B$201:$B$293=C45)*($C$201:$C$293)),0) | I45: =IF(G45=999,"",G45*2) | J45: =IF(G45=999,"",ROUND(G45*4/60,1)&" hrs") | K45: =IF(G45=999,"Unknown",IF('MY PROFILE'!G10="No Limit","Yes",IF('MY PROFILE'!G10="30 Minutes",IF(G45<=30,"Yes","No"),IF('MY PROFILE'!G10="1 Hour",IF(G45<=60,"Yes","No"),IF('MY PROFILE'!G10="1.5 Hours",IF(G45<=90,"Yes","No"),IF('MY PROFILE'!G10="2 Hours",IF(G45<=120,"Yes","No"),IF('MY PROFILE'!G10="3 Hours",IF(G45<=180,"Yes","No"),"No"))))))) | L45: =IF(G45=0,"Same City",IF(G45<=30,"Short",IF(G45<=90,"Medium",IF(G45<=180,"Long","Very Long")))) | M45: ='CALC ENGINE'!S42
B46: 41 | C46: ='CALC ENGINE'!B43 | D46: ='CALC ENGINE'!C43 | E46: ='CALC ENGINE'!D43 | F46: ='CALC ENGINE'!E43 | G46: ='CALC ENGINE'!T43 | H46: =IFERROR(SUMPRODUCT(($A$201:$A$293='MY PROFILE'!C10)*($B$201:$B$293=C46)*($C$201:$C$293)),0) | I46: =IF(G46=999,"",G46*2) | J46: =IF(G46=999,"",ROUND(G46*4/60,1)&" hrs") | K46: =IF(G46=999,"Unknown",IF('MY PROFILE'!G10="No Limit","Yes",IF('MY PROFILE'!G10="30 Minutes",IF(G46<=30,"Yes","No"),IF('MY PROFILE'!G10="1 Hour",IF(G46<=60,"Yes","No"),IF('MY PROFILE'!G10="1.5 Hours",IF(G46<=90,"Yes","No"),IF('MY PROFILE'!G10="2 Hours",IF(G46<=120,"Yes","No"),IF('MY PROFILE'!G10="3 Hours",IF(G46<=180,"Yes","No"),"No"))))))) | L46: =IF(G46=0,"Same City",IF(G46<=30,"Short",IF(G46<=90,"Medium",IF(G46<=180,"Long","Very Long")))) | M46: ='CALC ENGINE'!S43
B47: 42 | C47: ='CALC ENGINE'!B44 | D47: ='CALC ENGINE'!C44 | E47: ='CALC ENGINE'!D44 | F47: ='CALC ENGINE'!E44 | G47: ='CALC ENGINE'!T44 | H47: =IFERROR(SUMPRODUCT(($A$201:$A$293='MY PROFILE'!C10)*($B$201:$B$293=C47)*($C$201:$C$293)),0) | I47: =IF(G47=999,"",G47*2) | J47: =IF(G47=999,"",ROUND(G47*4/60,1)&" hrs") | K47: =IF(G47=999,"Unknown",IF('MY PROFILE'!G10="No Limit","Yes",IF('MY PROFILE'!G10="30 Minutes",IF(G47<=30,"Yes","No"),IF('MY PROFILE'!G10="1 Hour",IF(G47<=60,"Yes","No"),IF('MY PROFILE'!G10="1.5 Hours",IF(G47<=90,"Yes","No"),IF('MY PROFILE'!G10="2 Hours",IF(G47<=120,"Yes","No"),IF('MY PROFILE'!G10="3 Hours",IF(G47<=180,"Yes","No"),"No"))))))) | L47: =IF(G47=0,"Same City",IF(G47<=30,"Short",IF(G47<=90,"Medium",IF(G47<=180,"Long","Very Long")))) | M47: ='CALC ENGINE'!S44
B48: 43 | C48: ='CALC ENGINE'!B45 | D48: ='CALC ENGINE'!C45 | E48: ='CALC ENGINE'!D45 | F48: ='CALC ENGINE'!E45 | G48: ='CALC ENGINE'!T45 | H48: =IFERROR(SUMPRODUCT(($A$201:$A$293='MY PROFILE'!C10)*($B$201:$B$293=C48)*($C$201:$C$293)),0) | I48: =IF(G48=999,"",G48*2) | J48: =IF(G48=999,"",ROUND(G48*4/60,1)&" hrs") | K48: =IF(G48=999,"Unknown",IF('MY PROFILE'!G10="No Limit","Yes",IF('MY PROFILE'!G10="30 Minutes",IF(G48<=30,"Yes","No"),IF('MY PROFILE'!G10="1 Hour",IF(G48<=60,"Yes","No"),IF('MY PROFILE'!G10="1.5 Hours",IF(G48<=90,"Yes","No"),IF('MY PROFILE'!G10="2 Hours",IF(G48<=120,"Yes","No"),IF('MY PROFILE'!G10="3 Hours",IF(G48<=180,"Yes","No"),"No"))))))) | L48: =IF(G48=0,"Same City",IF(G48<=30,"Short",IF(G48<=90,"Medium",IF(G48<=180,"Long","Very Long")))) | M48: ='CALC ENGINE'!S45
B49: 44 | C49: ='CALC ENGINE'!B46 | D49: ='CALC ENGINE'!C46 | E49: ='CALC ENGINE'!D46 | F49: ='CALC ENGINE'!E46 | G49: ='CALC ENGINE'!T46 | H49: =IFERROR(SUMPRODUCT(($A$201:$A$293='MY PROFILE'!C10)*($B$201:$B$293=C49)*($C$201:$C$293)),0) | I49: =IF(G49=999,"",G49*2) | J49: =IF(G49=999,"",ROUND(G49*4/60,1)&" hrs") | K49: =IF(G49=999,"Unknown",IF('MY PROFILE'!G10="No Limit","Yes",IF('MY PROFILE'!G10="30 Minutes",IF(G49<=30,"Yes","No"),IF('MY PROFILE'!G10="1 Hour",IF(G49<=60,"Yes","No"),IF('MY PROFILE'!G10="1.5 Hours",IF(G49<=90,"Yes","No"),IF('MY PROFILE'!G10="2 Hours",IF(G49<=120,"Yes","No"),IF('MY PROFILE'!G10="3 Hours",IF(G49<=180,"Yes","No"),"No"))))))) | L49: =IF(G49=0,"Same City",IF(G49<=30,"Short",IF(G49<=90,"Medium",IF(G49<=180,"Long","Very Long")))) | M49: ='CALC ENGINE'!S46
B50: 45 | C50: ='CALC ENGINE'!B47 | D50: ='CALC ENGINE'!C47 | E50: ='CALC ENGINE'!D47 | F50: ='CALC ENGINE'!E47 | G50: ='CALC ENGINE'!T47 | H50: =IFERROR(SUMPRODUCT(($A$201:$A$293='MY PROFILE'!C10)*($B$201:$B$293=C50)*($C$201:$C$293)),0) | I50: =IF(G50=999,"",G50*2) | J50: =IF(G50=999,"",ROUND(G50*4/60,1)&" hrs") | K50: =IF(G50=999,"Unknown",IF('MY PROFILE'!G10="No Limit","Yes",IF('MY PROFILE'!G10="30 Minutes",IF(G50<=30,"Yes","No"),IF('MY PROFILE'!G10="1 Hour",IF(G50<=60,"Yes","No"),IF('MY PROFILE'!G10="1.5 Hours",IF(G50<=90,"Yes","No"),IF('MY PROFILE'!G10="2 Hours",IF(G50<=120,"Yes","No"),IF('MY PROFILE'!G10="3 Hours",IF(G50<=180,"Yes","No"),"No"))))))) | L50: =IF(G50=0,"Same City",IF(G50<=30,"Short",IF(G50<=90,"Medium",IF(G50<=180,"Long","Very Long")))) | M50: ='CALC ENGINE'!S47
B51: 46 | C51: ='CALC ENGINE'!B48 | D51: ='CALC ENGINE'!C48 | E51: ='CALC ENGINE'!D48 | F51: ='CALC ENGINE'!E48 | G51: ='CALC ENGINE'!T48 | H51: =IFERROR(SUMPRODUCT(($A$201:$A$293='MY PROFILE'!C10)*($B$201:$B$293=C51)*($C$201:$C$293)),0) | I51: =IF(G51=999,"",G51*2) | J51: =IF(G51=999,"",ROUND(G51*4/60,1)&" hrs") | K51: =IF(G51=999,"Unknown",IF('MY PROFILE'!G10="No Limit","Yes",IF('MY PROFILE'!G10="30 Minutes",IF(G51<=30,"Yes","No"),IF('MY PROFILE'!G10="1 Hour",IF(G51<=60,"Yes","No"),IF('MY PROFILE'!G10="1.5 Hours",IF(G51<=90,"Yes","No"),IF('MY PROFILE'!G10="2 Hours",IF(G51<=120,"Yes","No"),IF('MY PROFILE'!G10="3 Hours",IF(G51<=180,"Yes","No"),"No"))))))) | L51: =IF(G51=0,"Same City",IF(G51<=30,"Short",IF(G51<=90,"Medium",IF(G51<=180,"Long","Very Long")))) | M51: ='CALC ENGINE'!S48
B52: 47 | C52: ='CALC ENGINE'!B49 | D52: ='CALC ENGINE'!C49 | E52: ='CALC ENGINE'!D49 | F52: ='CALC ENGINE'!E49 | G52: ='CALC ENGINE'!T49 | H52: =IFERROR(SUMPRODUCT(($A$201:$A$293='MY PROFILE'!C10)*($B$201:$B$293=C52)*($C$201:$C$293)),0) | I52: =IF(G52=999,"",G52*2) | J52: =IF(G52=999,"",ROUND(G52*4/60,1)&" hrs") | K52: =IF(G52=999,"Unknown",IF('MY PROFILE'!G10="No Limit","Yes",IF('MY PROFILE'!G10="30 Minutes",IF(G52<=30,"Yes","No"),IF('MY PROFILE'!G10="1 Hour",IF(G52<=60,"Yes","No"),IF('MY PROFILE'!G10="1.5 Hours",IF(G52<=90,"Yes","No"),IF('MY PROFILE'!G10="2 Hours",IF(G52<=120,"Yes","No"),IF('MY PROFILE'!G10="3 Hours",IF(G52<=180,"Yes","No"),"No"))))))) | L52: =IF(G52=0,"Same City",IF(G52<=30,"Short",IF(G52<=90,"Medium",IF(G52<=180,"Long","Very Long")))) | M52: ='CALC ENGINE'!S49
B53: 48 | C53: ='CALC ENGINE'!B50 | D53: ='CALC ENGINE'!C50 | E53: ='CALC ENGINE'!D50 | F53: ='CALC ENGINE'!E50 | G53: ='CALC ENGINE'!T50 | H53: =IFERROR(SUMPRODUCT(($A$201:$A$293='MY PROFILE'!C10)*($B$201:$B$293=C53)*($C$201:$C$293)),0) | I53: =IF(G53=999,"",G53*2) | J53: =IF(G53=999,"",ROUND(G53*4/60,1)&" hrs") | K53: =IF(G53=999,"Unknown",IF('MY PROFILE'!G10="No Limit","Yes",IF('MY PROFILE'!G10="30 Minutes",IF(G53<=30,"Yes","No"),IF('MY PROFILE'!G10="1 Hour",IF(G53<=60,"Yes","No"),IF('MY PROFILE'!G10="1.5 Hours",IF(G53<=90,"Yes","No"),IF('MY PROFILE'!G10="2 Hours",IF(G53<=120,"Yes","No"),IF('MY PROFILE'!G10="3 Hours",IF(G53<=180,"Yes","No"),"No"))))))) | L53: =IF(G53=0,"Same City",IF(G53<=30,"Short",IF(G53<=90,"Medium",IF(G53<=180,"Long","Very Long")))) | M53: ='CALC ENGINE'!S50
B54: 49 | C54: ='CALC ENGINE'!B51 | D54: ='CALC ENGINE'!C51 | E54: ='CALC ENGINE'!D51 | F54: ='CALC ENGINE'!E51 | G54: ='CALC ENGINE'!T51 | H54: =IFERROR(SUMPRODUCT(($A$201:$A$293='MY PROFILE'!C10)*($B$201:$B$293=C54)*($C$201:$C$293)),0) | I54: =IF(G54=999,"",G54*2) | J54: =IF(G54=999,"",ROUND(G54*4/60,1)&" hrs") | K54: =IF(G54=999,"Unknown",IF('MY PROFILE'!G10="No Limit","Yes",IF('MY PROFILE'!G10="30 Minutes",IF(G54<=30,"Yes","No"),IF('MY PROFILE'!G10="1 Hour",IF(G54<=60,"Yes","No"),IF('MY PROFILE'!G10="1.5 Hours",IF(G54<=90,"Yes","No"),IF('MY PROFILE'!G10="2 Hours",IF(G54<=120,"Yes","No"),IF('MY PROFILE'!G10="3 Hours",IF(G54<=180,"Yes","No"),"No"))))))) | L54: =IF(G54=0,"Same City",IF(G54<=30,"Short",IF(G54<=90,"Medium",IF(G54<=180,"Long","Very Long")))) | M54: ='CALC ENGINE'!S51
B55: 50 | C55: ='CALC ENGINE'!B52 | D55: ='CALC ENGINE'!C52 | E55: ='CALC ENGINE'!D52 | F55: ='CALC ENGINE'!E52 | G55: ='CALC ENGINE'!T52 | H55: =IFERROR(SUMPRODUCT(($A$201:$A$293='MY PROFILE'!C10)*($B$201:$B$293=C55)*($C$201:$C$293)),0) | I55: =IF(G55=999,"",G55*2) | J55: =IF(G55=999,"",ROUND(G55*4/60,1)&" hrs") | K55: =IF(G55=999,"Unknown",IF('MY PROFILE'!G10="No Limit","Yes",IF('MY PROFILE'!G10="30 Minutes",IF(G55<=30,"Yes","No"),IF('MY PROFILE'!G10="1 Hour",IF(G55<=60,"Yes","No"),IF('MY PROFILE'!G10="1.5 Hours",IF(G55<=90,"Yes","No"),IF('MY PROFILE'!G10="2 Hours",IF(G55<=120,"Yes","No"),IF('MY PROFILE'!G10="3 Hours",IF(G55<=180,"Yes","No"),"No"))))))) | L55: =IF(G55=0,"Same City",IF(G55<=30,"Short",IF(G55<=90,"Medium",IF(G55<=180,"Long","Very Long")))) | M55: ='CALC ENGINE'!S52
B56: 51 | C56: ='CALC ENGINE'!B53 | D56: ='CALC ENGINE'!C53 | E56: ='CALC ENGINE'!D53 | F56: ='CALC ENGINE'!E53 | G56: ='CALC ENGINE'!T53 | H56: =IFERROR(SUMPRODUCT(($A$201:$A$293='MY PROFILE'!C10)*($B$201:$B$293=C56)*($C$201:$C$293)),0) | I56: =IF(G56=999,"",G56*2) | J56: =IF(G56=999,"",ROUND(G56*4/60,1)&" hrs") | K56: =IF(G56=999,"Unknown",IF('MY PROFILE'!G10="No Limit","Yes",IF('MY PROFILE'!G10="30 Minutes",IF(G56<=30,"Yes","No"),IF('MY PROFILE'!G10="1 Hour",IF(G56<=60,"Yes","No"),IF('MY PROFILE'!G10="1.5 Hours",IF(G56<=90,"Yes","No"),IF('MY PROFILE'!G10="2 Hours",IF(G56<=120,"Yes","No"),IF('MY PROFILE'!G10="3 Hours",IF(G56<=180,"Yes","No"),"No"))))))) | L56: =IF(G56=0,"Same City",IF(G56<=30,"Short",IF(G56<=90,"Medium",IF(G56<=180,"Long","Very Long")))) | M56: ='CALC ENGINE'!S53
B57: 52 | C57: ='CALC ENGINE'!B54 | D57: ='CALC ENGINE'!C54 | E57: ='CALC ENGINE'!D54 | F57: ='CALC ENGINE'!E54 | G57: ='CALC ENGINE'!T54 | H57: =IFERROR(SUMPRODUCT(($A$201:$A$293='MY PROFILE'!C10)*($B$201:$B$293=C57)*($C$201:$C$293)),0) | I57: =IF(G57=999,"",G57*2) | J57: =IF(G57=999,"",ROUND(G57*4/60,1)&" hrs") | K57: =IF(G57=999,"Unknown",IF('MY PROFILE'!G10="No Limit","Yes",IF('MY PROFILE'!G10="30 Minutes",IF(G57<=30,"Yes","No"),IF('MY PROFILE'!G10="1 Hour",IF(G57<=60,"Yes","No"),IF('MY PROFILE'!G10="1.5 Hours",IF(G57<=90,"Yes","No"),IF('MY PROFILE'!G10="2 Hours",IF(G57<=120,"Yes","No"),IF('MY PROFILE'!G10="3 Hours",IF(G57<=180,"Yes","No"),"No"))))))) | L57: =IF(G57=0,"Same City",IF(G57<=30,"Short",IF(G57<=90,"Medium",IF(G57<=180,"Long","Very Long")))) | M57: ='CALC ENGINE'!S54
B58: 53 | C58: ='CALC ENGINE'!B55 | D58: ='CALC ENGINE'!C55 | E58: ='CALC ENGINE'!D55 | F58: ='CALC ENGINE'!E55 | G58: ='CALC ENGINE'!T55 | H58: =IFERROR(SUMPRODUCT(($A$201:$A$293='MY PROFILE'!C10)*($B$201:$B$293=C58)*($C$201:$C$293)),0) | I58: =IF(G58=999,"",G58*2) | J58: =IF(G58=999,"",ROUND(G58*4/60,1)&" hrs") | K58: =IF(G58=999,"Unknown",IF('MY PROFILE'!G10="No Limit","Yes",IF('MY PROFILE'!G10="30 Minutes",IF(G58<=30,"Yes","No"),IF('MY PROFILE'!G10="1 Hour",IF(G58<=60,"Yes","No"),IF('MY PROFILE'!G10="1.5 Hours",IF(G58<=90,"Yes","No"),IF('MY PROFILE'!G10="2 Hours",IF(G58<=120,"Yes","No"),IF('MY PROFILE'!G10="3 Hours",IF(G58<=180,"Yes","No"),"No"))))))) | L58: =IF(G58=0,"Same City",IF(G58<=30,"Short",IF(G58<=90,"Medium",IF(G58<=180,"Long","Very Long")))) | M58: ='CALC ENGINE'!S55
B59: 54 | C59: ='CALC ENGINE'!B56 | D59: ='CALC ENGINE'!C56 | E59: ='CALC ENGINE'!D56 | F59: ='CALC ENGINE'!E56 | G59: ='CALC ENGINE'!T56 | H59: =IFERROR(SUMPRODUCT(($A$201:$A$293='MY PROFILE'!C10)*($B$201:$B$293=C59)*($C$201:$C$293)),0) | I59: =IF(G59=999,"",G59*2) | J59: =IF(G59=999,"",ROUND(G59*4/60,1)&" hrs") | K59: =IF(G59=999,"Unknown",IF('MY PROFILE'!G10="No Limit","Yes",IF('MY PROFILE'!G10="30 Minutes",IF(G59<=30,"Yes","No"),IF('MY PROFILE'!G10="1 Hour",IF(G59<=60,"Yes","No"),IF('MY PROFILE'!G10="1.5 Hours",IF(G59<=90,"Yes","No"),IF('MY PROFILE'!G10="2 Hours",IF(G59<=120,"Yes","No"),IF('MY PROFILE'!G10="3 Hours",IF(G59<=180,"Yes","No"),"No"))))))) | L59: =IF(G59=0,"Same City",IF(G59<=30,"Short",IF(G59<=90,"Medium",IF(G59<=180,"Long","Very Long")))) | M59: ='CALC ENGINE'!S56
B60: 55 | C60: ='CALC ENGINE'!B57 | D60: ='CALC ENGINE'!C57 | E60: ='CALC ENGINE'!D57 | F60: ='CALC ENGINE'!E57 | G60: ='CALC ENGINE'!T57 | H60: =IFERROR(SUMPRODUCT(($A$201:$A$293='MY PROFILE'!C10)*($B$201:$B$293=C60)*($C$201:$C$293)),0) | I60: =IF(G60=999,"",G60*2) | J60: =IF(G60=999,"",ROUND(G60*4/60,1)&" hrs") | K60: =IF(G60=999,"Unknown",IF('MY PROFILE'!G10="No Limit","Yes",IF('MY PROFILE'!G10="30 Minutes",IF(G60<=30,"Yes","No"),IF('MY PROFILE'!G10="1 Hour",IF(G60<=60,"Yes","No"),IF('MY PROFILE'!G10="1.5 Hours",IF(G60<=90,"Yes","No"),IF('MY PROFILE'!G10="2 Hours",IF(G60<=120,"Yes","No"),IF('MY PROFILE'!G10="3 Hours",IF(G60<=180,"Yes","No"),"No"))))))) | L60: =IF(G60=0,"Same City",IF(G60<=30,"Short",IF(G60<=90,"Medium",IF(G60<=180,"Long","Very Long")))) | M60: ='CALC ENGINE'!S57
B61: 56 | C61: ='CALC ENGINE'!B58 | D61: ='CALC ENGINE'!C58 | E61: ='CALC ENGINE'!D58 | F61: ='CALC ENGINE'!E58 | G61: ='CALC ENGINE'!T58 | H61: =IFERROR(SUMPRODUCT(($A$201:$A$293='MY PROFILE'!C10)*($B$201:$B$293=C61)*($C$201:$C$293)),0) | I61: =IF(G61=999,"",G61*2) | J61: =IF(G61=999,"",ROUND(G61*4/60,1)&" hrs") | K61: =IF(G61=999,"Unknown",IF('MY PROFILE'!G10="No Limit","Yes",IF('MY PROFILE'!G10="30 Minutes",IF(G61<=30,"Yes","No"),IF('MY PROFILE'!G10="1 Hour",IF(G61<=60,"Yes","No"),IF('MY PROFILE'!G10="1.5 Hours",IF(G61<=90,"Yes","No"),IF('MY PROFILE'!G10="2 Hours",IF(G61<=120,"Yes","No"),IF('MY PROFILE'!G10="3 Hours",IF(G61<=180,"Yes","No"),"No"))))))) | L61: =IF(G61=0,"Same City",IF(G61<=30,"Short",IF(G61<=90,"Medium",IF(G61<=180,"Long","Very Long")))) | M61: ='CALC ENGINE'!S58
B62: 57 | C62: ='CALC ENGINE'!B59 | D62: ='CALC ENGINE'!C59 | E62: ='CALC ENGINE'!D59 | F62: ='CALC ENGINE'!E59 | G62: ='CALC ENGINE'!T59 | H62: =IFERROR(SUMPRODUCT(($A$201:$A$293='MY PROFILE'!C10)*($B$201:$B$293=C62)*($C$201:$C$293)),0) | I62: =IF(G62=999,"",G62*2) | J62: =IF(G62=999,"",ROUND(G62*4/60,1)&" hrs") | K62: =IF(G62=999,"Unknown",IF('MY PROFILE'!G10="No Limit","Yes",IF('MY PROFILE'!G10="30 Minutes",IF(G62<=30,"Yes","No"),IF('MY PROFILE'!G10="1 Hour",IF(G62<=60,"Yes","No"),IF('MY PROFILE'!G10="1.5 Hours",IF(G62<=90,"Yes","No"),IF('MY PROFILE'!G10="2 Hours",IF(G62<=120,"Yes","No"),IF('MY PROFILE'!G10="3 Hours",IF(G62<=180,"Yes","No"),"No"))))))) | L62: =IF(G62=0,"Same City",IF(G62<=30,"Short",IF(G62<=90,"Medium",IF(G62<=180,"Long","Very Long")))) | M62: ='CALC ENGINE'!S59
B63: 58 | C63: ='CALC ENGINE'!B60 | D63: ='CALC ENGINE'!C60 | E63: ='CALC ENGINE'!D60 | F63: ='CALC ENGINE'!E60 | G63: ='CALC ENGINE'!T60 | H63: =IFERROR(SUMPRODUCT(($A$201:$A$293='MY PROFILE'!C10)*($B$201:$B$293=C63)*($C$201:$C$293)),0) | I63: =IF(G63=999,"",G63*2) | J63: =IF(G63=999,"",ROUND(G63*4/60,1)&" hrs") | K63: =IF(G63=999,"Unknown",IF('MY PROFILE'!G10="No Limit","Yes",IF('MY PROFILE'!G10="30 Minutes",IF(G63<=30,"Yes","No"),IF('MY PROFILE'!G10="1 Hour",IF(G63<=60,"Yes","No"),IF('MY PROFILE'!G10="1.5 Hours",IF(G63<=90,"Yes","No"),IF('MY PROFILE'!G10="2 Hours",IF(G63<=120,"Yes","No"),IF('MY PROFILE'!G10="3 Hours",IF(G63<=180,"Yes","No"),"No"))))))) | L63: =IF(G63=0,"Same City",IF(G63<=30,"Short",IF(G63<=90,"Medium",IF(G63<=180,"Long","Very Long")))) | M63: ='CALC ENGINE'!S60
B64: 59 | C64: ='CALC ENGINE'!B61 | D64: ='CALC ENGINE'!C61 | E64: ='CALC ENGINE'!D61 | F64: ='CALC ENGINE'!E61 | G64: ='CALC ENGINE'!T61 | H64: =IFERROR(SUMPRODUCT(($A$201:$A$293='MY PROFILE'!C10)*($B$201:$B$293=C64)*($C$201:$C$293)),0) | I64: =IF(G64=999,"",G64*2) | J64: =IF(G64=999,"",ROUND(G64*4/60,1)&" hrs") | K64: =IF(G64=999,"Unknown",IF('MY PROFILE'!G10="No Limit","Yes",IF('MY PROFILE'!G10="30 Minutes",IF(G64<=30,"Yes","No"),IF('MY PROFILE'!G10="1 Hour",IF(G64<=60,"Yes","No"),IF('MY PROFILE'!G10="1.5 Hours",IF(G64<=90,"Yes","No"),IF('MY PROFILE'!G10="2 Hours",IF(G64<=120,"Yes","No"),IF('MY PROFILE'!G10="3 Hours",IF(G64<=180,"Yes","No"),"No"))))))) | L64: =IF(G64=0,"Same City",IF(G64<=30,"Short",IF(G64<=90,"Medium",IF(G64<=180,"Long","Very Long")))) | M64: ='CALC ENGINE'!S61
B65: 60 | C65: ='CALC ENGINE'!B62 | D65: ='CALC ENGINE'!C62 | E65: ='CALC ENGINE'!D62 | F65: ='CALC ENGINE'!E62 | G65: ='CALC ENGINE'!T62 | H65: =IFERROR(SUMPRODUCT(($A$201:$A$293='MY PROFILE'!C10)*($B$201:$B$293=C65)*($C$201:$C$293)),0) | I65: =IF(G65=999,"",G65*2) | J65: =IF(G65=999,"",ROUND(G65*4/60,1)&" hrs") | K65: =IF(G65=999,"Unknown",IF('MY PROFILE'!G10="No Limit","Yes",IF('MY PROFILE'!G10="30 Minutes",IF(G65<=30,"Yes","No"),IF('MY PROFILE'!G10="1 Hour",IF(G65<=60,"Yes","No"),IF('MY PROFILE'!G10="1.5 Hours",IF(G65<=90,"Yes","No"),IF('MY PROFILE'!G10="2 Hours",IF(G65<=120,"Yes","No"),IF('MY PROFILE'!G10="3 Hours",IF(G65<=180,"Yes","No"),"No"))))))) | L65: =IF(G65=0,"Same City",IF(G65<=30,"Short",IF(G65<=90,"Medium",IF(G65<=180,"Long","Very Long")))) | M65: ='CALC ENGINE'!S62
B66: 61 | C66: ='CALC ENGINE'!B63 | D66: ='CALC ENGINE'!C63 | E66: ='CALC ENGINE'!D63 | F66: ='CALC ENGINE'!E63 | G66: ='CALC ENGINE'!T63 | H66: =IFERROR(SUMPRODUCT(($A$201:$A$293='MY PROFILE'!C10)*($B$201:$B$293=C66)*($C$201:$C$293)),0) | I66: =IF(G66=999,"",G66*2) | J66: =IF(G66=999,"",ROUND(G66*4/60,1)&" hrs") | K66: =IF(G66=999,"Unknown",IF('MY PROFILE'!G10="No Limit","Yes",IF('MY PROFILE'!G10="30 Minutes",IF(G66<=30,"Yes","No"),IF('MY PROFILE'!G10="1 Hour",IF(G66<=60,"Yes","No"),IF('MY PROFILE'!G10="1.5 Hours",IF(G66<=90,"Yes","No"),IF('MY PROFILE'!G10="2 Hours",IF(G66<=120,"Yes","No"),IF('MY PROFILE'!G10="3 Hours",IF(G66<=180,"Yes","No"),"No"))))))) | L66: =IF(G66=0,"Same City",IF(G66<=30,"Short",IF(G66<=90,"Medium",IF(G66<=180,"Long","Very Long")))) | M66: ='CALC ENGINE'!S63
B67: 62 | C67: ='CALC ENGINE'!B64 | D67: ='CALC ENGINE'!C64 | E67: ='CALC ENGINE'!D64 | F67: ='CALC ENGINE'!E64 | G67: ='CALC ENGINE'!T64 | H67: =IFERROR(SUMPRODUCT(($A$201:$A$293='MY PROFILE'!C10)*($B$201:$B$293=C67)*($C$201:$C$293)),0) | I67: =IF(G67=999,"",G67*2) | J67: =IF(G67=999,"",ROUND(G67*4/60,1)&" hrs") | K67: =IF(G67=999,"Unknown",IF('MY PROFILE'!G10="No Limit","Yes",IF('MY PROFILE'!G10="30 Minutes",IF(G67<=30,"Yes","No"),IF('MY PROFILE'!G10="1 Hour",IF(G67<=60,"Yes","No"),IF('MY PROFILE'!G10="1.5 Hours",IF(G67<=90,"Yes","No"),IF('MY PROFILE'!G10="2 Hours",IF(G67<=120,"Yes","No"),IF('MY PROFILE'!G10="3 Hours",IF(G67<=180,"Yes","No"),"No"))))))) | L67: =IF(G67=0,"Same City",IF(G67<=30,"Short",IF(G67<=90,"Medium",IF(G67<=180,"Long","Very Long")))) | M67: ='CALC ENGINE'!S64
B68: 63 | C68: ='CALC ENGINE'!B65 | D68: ='CALC ENGINE'!C65 | E68: ='CALC ENGINE'!D65 | F68: ='CALC ENGINE'!E65 | G68: ='CALC ENGINE'!T65 | H68: =IFERROR(SUMPRODUCT(($A$201:$A$293='MY PROFILE'!C10)*($B$201:$B$293=C68)*($C$201:$C$293)),0) | I68: =IF(G68=999,"",G68*2) | J68: =IF(G68=999,"",ROUND(G68*4/60,1)&" hrs") | K68: =IF(G68=999,"Unknown",IF('MY PROFILE'!G10="No Limit","Yes",IF('MY PROFILE'!G10="30 Minutes",IF(G68<=30,"Yes","No"),IF('MY PROFILE'!G10="1 Hour",IF(G68<=60,"Yes","No"),IF('MY PROFILE'!G10="1.5 Hours",IF(G68<=90,"Yes","No"),IF('MY PROFILE'!G10="2 Hours",IF(G68<=120,"Yes","No"),IF('MY PROFILE'!G10="3 Hours",IF(G68<=180,"Yes","No"),"No"))))))) | L68: =IF(G68=0,"Same City",IF(G68<=30,"Short",IF(G68<=90,"Medium",IF(G68<=180,"Long","Very Long")))) | M68: ='CALC ENGINE'!S65
B69: 64 | C69: ='CALC ENGINE'!B66 | D69: ='CALC ENGINE'!C66 | E69: ='CALC ENGINE'!D66 | F69: ='CALC ENGINE'!E66 | G69: ='CALC ENGINE'!T66 | H69: =IFERROR(SUMPRODUCT(($A$201:$A$293='MY PROFILE'!C10)*($B$201:$B$293=C69)*($C$201:$C$293)),0) | I69: =IF(G69=999,"",G69*2) | J69: =IF(G69=999,"",ROUND(G69*4/60,1)&" hrs") | K69: =IF(G69=999,"Unknown",IF('MY PROFILE'!G10="No Limit","Yes",IF('MY PROFILE'!G10="30 Minutes",IF(G69<=30,"Yes","No"),IF('MY PROFILE'!G10="1 Hour",IF(G69<=60,"Yes","No"),IF('MY PROFILE'!G10="1.5 Hours",IF(G69<=90,"Yes","No"),IF('MY PROFILE'!G10="2 Hours",IF(G69<=120,"Yes","No"),IF('MY PROFILE'!G10="3 Hours",IF(G69<=180,"Yes","No"),"No"))))))) | L69: =IF(G69=0,"Same City",IF(G69<=30,"Short",IF(G69<=90,"Medium",IF(G69<=180,"Long","Very Long")))) | M69: ='CALC ENGINE'!S66
B70: 65 | C70: ='CALC ENGINE'!B67 | D70: ='CALC ENGINE'!C67 | E70: ='CALC ENGINE'!D67 | F70: ='CALC ENGINE'!E67 | G70: ='CALC ENGINE'!T67 | H70: =IFERROR(SUMPRODUCT(($A$201:$A$293='MY PROFILE'!C10)*($B$201:$B$293=C70)*($C$201:$C$293)),0) | I70: =IF(G70=999,"",G70*2) | J70: =IF(G70=999,"",ROUND(G70*4/60,1)&" hrs") | K70: =IF(G70=999,"Unknown",IF('MY PROFILE'!G10="No Limit","Yes",IF('MY PROFILE'!G10="30 Minutes",IF(G70<=30,"Yes","No"),IF('MY PROFILE'!G10="1 Hour",IF(G70<=60,"Yes","No"),IF('MY PROFILE'!G10="1.5 Hours",IF(G70<=90,"Yes","No"),IF('MY PROFILE'!G10="2 Hours",IF(G70<=120,"Yes","No"),IF('MY PROFILE'!G10="3 Hours",IF(G70<=180,"Yes","No"),"No"))))))) | L70: =IF(G70=0,"Same City",IF(G70<=30,"Short",IF(G70<=90,"Medium",IF(G70<=180,"Long","Very Long")))) | M70: ='CALC ENGINE'!S67
B71: 66 | C71: ='CALC ENGINE'!B68 | D71: ='CALC ENGINE'!C68 | E71: ='CALC ENGINE'!D68 | F71: ='CALC ENGINE'!E68 | G71: ='CALC ENGINE'!T68 | H71: =IFERROR(SUMPRODUCT(($A$201:$A$293='MY PROFILE'!C10)*($B$201:$B$293=C71)*($C$201:$C$293)),0) | I71: =IF(G71=999,"",G71*2) | J71: =IF(G71=999,"",ROUND(G71*4/60,1)&" hrs") | K71: =IF(G71=999,"Unknown",IF('MY PROFILE'!G10="No Limit","Yes",IF('MY PROFILE'!G10="30 Minutes",IF(G71<=30,"Yes","No"),IF('MY PROFILE'!G10="1 Hour",IF(G71<=60,"Yes","No"),IF('MY PROFILE'!G10="1.5 Hours",IF(G71<=90,"Yes","No"),IF('MY PROFILE'!G10="2 Hours",IF(G71<=120,"Yes","No"),IF('MY PROFILE'!G10="3 Hours",IF(G71<=180,"Yes","No"),"No"))))))) | L71: =IF(G71=0,"Same City",IF(G71<=30,"Short",IF(G71<=90,"Medium",IF(G71<=180,"Long","Very Long")))) | M71: ='CALC ENGINE'!S68
B72: 67 | C72: ='CALC ENGINE'!B69 | D72: ='CALC ENGINE'!C69 | E72: ='CALC ENGINE'!D69 | F72: ='CALC ENGINE'!E69 | G72: ='CALC ENGINE'!T69 | H72: =IFERROR(SUMPRODUCT(($A$201:$A$293='MY PROFILE'!C10)*($B$201:$B$293=C72)*($C$201:$C$293)),0) | I72: =IF(G72=999,"",G72*2) | J72: =IF(G72=999,"",ROUND(G72*4/60,1)&" hrs") | K72: =IF(G72=999,"Unknown",IF('MY PROFILE'!G10="No Limit","Yes",IF('MY PROFILE'!G10="30 Minutes",IF(G72<=30,"Yes","No"),IF('MY PROFILE'!G10="1 Hour",IF(G72<=60,"Yes","No"),IF('MY PROFILE'!G10="1.5 Hours",IF(G72<=90,"Yes","No"),IF('MY PROFILE'!G10="2 Hours",IF(G72<=120,"Yes","No"),IF('MY PROFILE'!G10="3 Hours",IF(G72<=180,"Yes","No"),"No"))))))) | L72: =IF(G72=0,"Same City",IF(G72<=30,"Short",IF(G72<=90,"Medium",IF(G72<=180,"Long","Very Long")))) | M72: ='CALC ENGINE'!S69
B73: 68 | C73: ='CALC ENGINE'!B70 | D73: ='CALC ENGINE'!C70 | E73: ='CALC ENGINE'!D70 | F73: ='CALC ENGINE'!E70 | G73: ='CALC ENGINE'!T70 | H73: =IFERROR(SUMPRODUCT(($A$201:$A$293='MY PROFILE'!C10)*($B$201:$B$293=C73)*($C$201:$C$293)),0) | I73: =IF(G73=999,"",G73*2) | J73: =IF(G73=999,"",ROUND(G73*4/60,1)&" hrs") | K73: =IF(G73=999,"Unknown",IF('MY PROFILE'!G10="No Limit","Yes",IF('MY PROFILE'!G10="30 Minutes",IF(G73<=30,"Yes","No"),IF('MY PROFILE'!G10="1 Hour",IF(G73<=60,"Yes","No"),IF('MY PROFILE'!G10="1.5 Hours",IF(G73<=90,"Yes","No"),IF('MY PROFILE'!G10="2 Hours",IF(G73<=120,"Yes","No"),IF('MY PROFILE'!G10="3 Hours",IF(G73<=180,"Yes","No"),"No"))))))) | L73: =IF(G73=0,"Same City",IF(G73<=30,"Short",IF(G73<=90,"Medium",IF(G73<=180,"Long","Very Long")))) | M73: ='CALC ENGINE'!S70
B74: 69 | C74: ='CALC ENGINE'!B71 | D74: ='CALC ENGINE'!C71 | E74: ='CALC ENGINE'!D71 | F74: ='CALC ENGINE'!E71 | G74: ='CALC ENGINE'!T71 | H74: =IFERROR(SUMPRODUCT(($A$201:$A$293='MY PROFILE'!C10)*($B$201:$B$293=C74)*($C$201:$C$293)),0) | I74: =IF(G74=999,"",G74*2) | J74: =IF(G74=999,"",ROUND(G74*4/60,1)&" hrs") | K74: =IF(G74=999,"Unknown",IF('MY PROFILE'!G10="No Limit","Yes",IF('MY PROFILE'!G10="30 Minutes",IF(G74<=30,"Yes","No"),IF('MY PROFILE'!G10="1 Hour",IF(G74<=60,"Yes","No"),IF('MY PROFILE'!G10="1.5 Hours",IF(G74<=90,"Yes","No"),IF('MY PROFILE'!G10="2 Hours",IF(G74<=120,"Yes","No"),IF('MY PROFILE'!G10="3 Hours",IF(G74<=180,"Yes","No"),"No"))))))) | L74: =IF(G74=0,"Same City",IF(G74<=30,"Short",IF(G74<=90,"Medium",IF(G74<=180,"Long","Very Long")))) | M74: ='CALC ENGINE'!S71
B75: 70 | C75: ='CALC ENGINE'!B72 | D75: ='CALC ENGINE'!C72 | E75: ='CALC ENGINE'!D72 | F75: ='CALC ENGINE'!E72 | G75: ='CALC ENGINE'!T72 | H75: =IFERROR(SUMPRODUCT(($A$201:$A$293='MY PROFILE'!C10)*($B$201:$B$293=C75)*($C$201:$C$293)),0) | I75: =IF(G75=999,"",G75*2) | J75: =IF(G75=999,"",ROUND(G75*4/60,1)&" hrs") | K75: =IF(G75=999,"Unknown",IF('MY PROFILE'!G10="No Limit","Yes",IF('MY PROFILE'!G10="30 Minutes",IF(G75<=30,"Yes","No"),IF('MY PROFILE'!G10="1 Hour",IF(G75<=60,"Yes","No"),IF('MY PROFILE'!G10="1.5 Hours",IF(G75<=90,"Yes","No"),IF('MY PROFILE'!G10="2 Hours",IF(G75<=120,"Yes","No"),IF('MY PROFILE'!G10="3 Hours",IF(G75<=180,"Yes","No"),"No"))))))) | L75: =IF(G75=0,"Same City",IF(G75<=30,"Short",IF(G75<=90,"Medium",IF(G75<=180,"Long","Very Long")))) | M75: ='CALC ENGINE'!S72
B76: 71 | C76: ='CALC ENGINE'!B73 | D76: ='CALC ENGINE'!C73 | E76: ='CALC ENGINE'!D73 | F76: ='CALC ENGINE'!E73 | G76: ='CALC ENGINE'!T73 | H76: =IFERROR(SUMPRODUCT(($A$201:$A$293='MY PROFILE'!C10)*($B$201:$B$293=C76)*($C$201:$C$293)),0) | I76: =IF(G76=999,"",G76*2) | J76: =IF(G76=999,"",ROUND(G76*4/60,1)&" hrs") | K76: =IF(G76=999,"Unknown",IF('MY PROFILE'!G10="No Limit","Yes",IF('MY PROFILE'!G10="30 Minutes",IF(G76<=30,"Yes","No"),IF('MY PROFILE'!G10="1 Hour",IF(G76<=60,"Yes","No"),IF('MY PROFILE'!G10="1.5 Hours",IF(G76<=90,"Yes","No"),IF('MY PROFILE'!G10="2 Hours",IF(G76<=120,"Yes","No"),IF('MY PROFILE'!G10="3 Hours",IF(G76<=180,"Yes","No"),"No"))))))) | L76: =IF(G76=0,"Same City",IF(G76<=30,"Short",IF(G76<=90,"Medium",IF(G76<=180,"Long","Very Long")))) | M76: ='CALC ENGINE'!S73
B77: 72 | C77: ='CALC ENGINE'!B74 | D77: ='CALC ENGINE'!C74 | E77: ='CALC ENGINE'!D74 | F77: ='CALC ENGINE'!E74 | G77: ='CALC ENGINE'!T74 | H77: =IFERROR(SUMPRODUCT(($A$201:$A$293='MY PROFILE'!C10)*($B$201:$B$293=C77)*($C$201:$C$293)),0) | I77: =IF(G77=999,"",G77*2) | J77: =IF(G77=999,"",ROUND(G77*4/60,1)&" hrs") | K77: =IF(G77=999,"Unknown",IF('MY PROFILE'!G10="No Limit","Yes",IF('MY PROFILE'!G10="30 Minutes",IF(G77<=30,"Yes","No"),IF('MY PROFILE'!G10="1 Hour",IF(G77<=60,"Yes","No"),IF('MY PROFILE'!G10="1.5 Hours",IF(G77<=90,"Yes","No"),IF('MY PROFILE'!G10="2 Hours",IF(G77<=120,"Yes","No"),IF('MY PROFILE'!G10="3 Hours",IF(G77<=180,"Yes","No"),"No"))))))) | L77: =IF(G77=0,"Same City",IF(G77<=30,"Short",IF(G77<=90,"Medium",IF(G77<=180,"Long","Very Long")))) | M77: ='CALC ENGINE'!S74
B78: 73 | C78: ='CALC ENGINE'!B75 | D78: ='CALC ENGINE'!C75 | E78: ='CALC ENGINE'!D75 | F78: ='CALC ENGINE'!E75 | G78: ='CALC ENGINE'!T75 | H78: =IFERROR(SUMPRODUCT(($A$201:$A$293='MY PROFILE'!C10)*($B$201:$B$293=C78)*($C$201:$C$293)),0) | I78: =IF(G78=999,"",G78*2) | J78: =IF(G78=999,"",ROUND(G78*4/60,1)&" hrs") | K78: =IF(G78=999,"Unknown",IF('MY PROFILE'!G10="No Limit","Yes",IF('MY PROFILE'!G10="30 Minutes",IF(G78<=30,"Yes","No"),IF('MY PROFILE'!G10="1 Hour",IF(G78<=60,"Yes","No"),IF('MY PROFILE'!G10="1.5 Hours",IF(G78<=90,"Yes","No"),IF('MY PROFILE'!G10="2 Hours",IF(G78<=120,"Yes","No"),IF('MY PROFILE'!G10="3 Hours",IF(G78<=180,"Yes","No"),"No"))))))) | L78: =IF(G78=0,"Same City",IF(G78<=30,"Short",IF(G78<=90,"Medium",IF(G78<=180,"Long","Very Long")))) | M78: ='CALC ENGINE'!S75
B79: 74 | C79: ='CALC ENGINE'!B76 | D79: ='CALC ENGINE'!C76 | E79: ='CALC ENGINE'!D76 | F79: ='CALC ENGINE'!E76 | G79: ='CALC ENGINE'!T76 | H79: =IFERROR(SUMPRODUCT(($A$201:$A$293='MY PROFILE'!C10)*($B$201:$B$293=C79)*($C$201:$C$293)),0) | I79: =IF(G79=999,"",G79*2) | J79: =IF(G79=999,"",ROUND(G79*4/60,1)&" hrs") | K79: =IF(G79=999,"Unknown",IF('MY PROFILE'!G10="No Limit","Yes",IF('MY PROFILE'!G10="30 Minutes",IF(G79<=30,"Yes","No"),IF('MY PROFILE'!G10="1 Hour",IF(G79<=60,"Yes","No"),IF('MY PROFILE'!G10="1.5 Hours",IF(G79<=90,"Yes","No"),IF('MY PROFILE'!G10="2 Hours",IF(G79<=120,"Yes","No"),IF('MY PROFILE'!G10="3 Hours",IF(G79<=180,"Yes","No"),"No"))))))) | L79: =IF(G79=0,"Same City",IF(G79<=30,"Short",IF(G79<=90,"Medium",IF(G79<=180,"Long","Very Long")))) | M79: ='CALC ENGINE'!S76
B80: 75 | C80: ='CALC ENGINE'!B77 | D80: ='CALC ENGINE'!C77 | E80: ='CALC ENGINE'!D77 | F80: ='CALC ENGINE'!E77 | G80: ='CALC ENGINE'!T77 | H80: =IFERROR(SUMPRODUCT(($A$201:$A$293='MY PROFILE'!C10)*($B$201:$B$293=C80)*($C$201:$C$293)),0) | I80: =IF(G80=999,"",G80*2) | J80: =IF(G80=999,"",ROUND(G80*4/60,1)&" hrs") | K80: =IF(G80=999,"Unknown",IF('MY PROFILE'!G10="No Limit","Yes",IF('MY PROFILE'!G10="30 Minutes",IF(G80<=30,"Yes","No"),IF('MY PROFILE'!G10="1 Hour",IF(G80<=60,"Yes","No"),IF('MY PROFILE'!G10="1.5 Hours",IF(G80<=90,"Yes","No"),IF('MY PROFILE'!G10="2 Hours",IF(G80<=120,"Yes","No"),IF('MY PROFILE'!G10="3 Hours",IF(G80<=180,"Yes","No"),"No"))))))) | L80: =IF(G80=0,"Same City",IF(G80<=30,"Short",IF(G80<=90,"Medium",IF(G80<=180,"Long","Very Long")))) | M80: ='CALC ENGINE'!S77
B81: 76 | C81: ='CALC ENGINE'!B78 | D81: ='CALC ENGINE'!C78 | E81: ='CALC ENGINE'!D78 | F81: ='CALC ENGINE'!E78 | G81: ='CALC ENGINE'!T78 | H81: =IFERROR(SUMPRODUCT(($A$201:$A$293='MY PROFILE'!C10)*($B$201:$B$293=C81)*($C$201:$C$293)),0) | I81: =IF(G81=999,"",G81*2) | J81: =IF(G81=999,"",ROUND(G81*4/60,1)&" hrs") | K81: =IF(G81=999,"Unknown",IF('MY PROFILE'!G10="No Limit","Yes",IF('MY PROFILE'!G10="30 Minutes",IF(G81<=30,"Yes","No"),IF('MY PROFILE'!G10="1 Hour",IF(G81<=60,"Yes","No"),IF('MY PROFILE'!G10="1.5 Hours",IF(G81<=90,"Yes","No"),IF('MY PROFILE'!G10="2 Hours",IF(G81<=120,"Yes","No"),IF('MY PROFILE'!G10="3 Hours",IF(G81<=180,"Yes","No"),"No"))))))) | L81: =IF(G81=0,"Same City",IF(G81<=30,"Short",IF(G81<=90,"Medium",IF(G81<=180,"Long","Very Long")))) | M81: ='CALC ENGINE'!S78
B82: 77 | C82: ='CALC ENGINE'!B79 | D82: ='CALC ENGINE'!C79 | E82: ='CALC ENGINE'!D79 | F82: ='CALC ENGINE'!E79 | G82: ='CALC ENGINE'!T79 | H82: =IFERROR(SUMPRODUCT(($A$201:$A$293='MY PROFILE'!C10)*($B$201:$B$293=C82)*($C$201:$C$293)),0) | I82: =IF(G82=999,"",G82*2) | J82: =IF(G82=999,"",ROUND(G82*4/60,1)&" hrs") | K82: =IF(G82=999,"Unknown",IF('MY PROFILE'!G10="No Limit","Yes",IF('MY PROFILE'!G10="30 Minutes",IF(G82<=30,"Yes","No"),IF('MY PROFILE'!G10="1 Hour",IF(G82<=60,"Yes","No"),IF('MY PROFILE'!G10="1.5 Hours",IF(G82<=90,"Yes","No"),IF('MY PROFILE'!G10="2 Hours",IF(G82<=120,"Yes","No"),IF('MY PROFILE'!G10="3 Hours",IF(G82<=180,"Yes","No"),"No"))))))) | L82: =IF(G82=0,"Same City",IF(G82<=30,"Short",IF(G82<=90,"Medium",IF(G82<=180,"Long","Very Long")))) | M82: ='CALC ENGINE'!S79
B83: 78 | C83: ='CALC ENGINE'!B80 | D83: ='CALC ENGINE'!C80 | E83: ='CALC ENGINE'!D80 | F83: ='CALC ENGINE'!E80 | G83: ='CALC ENGINE'!T80 | H83: =IFERROR(SUMPRODUCT(($A$201:$A$293='MY PROFILE'!C10)*($B$201:$B$293=C83)*($C$201:$C$293)),0) | I83: =IF(G83=999,"",G83*2) | J83: =IF(G83=999,"",ROUND(G83*4/60,1)&" hrs") | K83: =IF(G83=999,"Unknown",IF('MY PROFILE'!G10="No Limit","Yes",IF('MY PROFILE'!G10="30 Minutes",IF(G83<=30,"Yes","No"),IF('MY PROFILE'!G10="1 Hour",IF(G83<=60,"Yes","No"),IF('MY PROFILE'!G10="1.5 Hours",IF(G83<=90,"Yes","No"),IF('MY PROFILE'!G10="2 Hours",IF(G83<=120,"Yes","No"),IF('MY PROFILE'!G10="3 Hours",IF(G83<=180,"Yes","No"),"No"))))))) | L83: =IF(G83=0,"Same City",IF(G83<=30,"Short",IF(G83<=90,"Medium",IF(G83<=180,"Long","Very Long")))) | M83: ='CALC ENGINE'!S80
B84: 79 | C84: ='CALC ENGINE'!B81 | D84: ='CALC ENGINE'!C81 | E84: ='CALC ENGINE'!D81 | F84: ='CALC ENGINE'!E81 | G84: ='CALC ENGINE'!T81 | H84: =IFERROR(SUMPRODUCT(($A$201:$A$293='MY PROFILE'!C10)*($B$201:$B$293=C84)*($C$201:$C$293)),0) | I84: =IF(G84=999,"",G84*2) | J84: =IF(G84=999,"",ROUND(G84*4/60,1)&" hrs") | K84: =IF(G84=999,"Unknown",IF('MY PROFILE'!G10="No Limit","Yes",IF('MY PROFILE'!G10="30 Minutes",IF(G84<=30,"Yes","No"),IF('MY PROFILE'!G10="1 Hour",IF(G84<=60,"Yes","No"),IF('MY PROFILE'!G10="1.5 Hours",IF(G84<=90,"Yes","No"),IF('MY PROFILE'!G10="2 Hours",IF(G84<=120,"Yes","No"),IF('MY PROFILE'!G10="3 Hours",IF(G84<=180,"Yes","No"),"No"))))))) | L84: =IF(G84=0,"Same City",IF(G84<=30,"Short",IF(G84<=90,"Medium",IF(G84<=180,"Long","Very Long")))) | M84: ='CALC ENGINE'!S81
B85: 80 | C85: ='CALC ENGINE'!B82 | D85: ='CALC ENGINE'!C82 | E85: ='CALC ENGINE'!D82 | F85: ='CALC ENGINE'!E82 | G85: ='CALC ENGINE'!T82 | H85: =IFERROR(SUMPRODUCT(($A$201:$A$293='MY PROFILE'!C10)*($B$201:$B$293=C85)*($C$201:$C$293)),0) | I85: =IF(G85=999,"",G85*2) | J85: =IF(G85=999,"",ROUND(G85*4/60,1)&" hrs") | K85: =IF(G85=999,"Unknown",IF('MY PROFILE'!G10="No Limit","Yes",IF('MY PROFILE'!G10="30 Minutes",IF(G85<=30,"Yes","No"),IF('MY PROFILE'!G10="1 Hour",IF(G85<=60,"Yes","No"),IF('MY PROFILE'!G10="1.5 Hours",IF(G85<=90,"Yes","No"),IF('MY PROFILE'!G10="2 Hours",IF(G85<=120,"Yes","No"),IF('MY PROFILE'!G10="3 Hours",IF(G85<=180,"Yes","No"),"No"))))))) | L85: =IF(G85=0,"Same City",IF(G85<=30,"Short",IF(G85<=90,"Medium",IF(G85<=180,"Long","Very Long")))) | M85: ='CALC ENGINE'!S82
A200: MILES LOOKUP (A=From, B=To, C=Miles)
A201: Anaconda | B201: Butte | C201: 25
A202: Billings | B202: Billings | C202: 0
A203: Billings | B203: Bozeman | C203: 144
A204: Billings | B204: Butte | C204: 223
A205: Billings | B205: Dillon | C205: 302
A206: Billings | B206: Glendive | C206: 213
A207: Billings | B207: Great Falls | C207: 225
A208: Billings | B208: Havre | C208: 231
A209: Billings | B209: Helena | C209: 221
A210: Billings | B210: Kalispell | C210: 449
A211: Billings | B211: Lewistown | C211: 126
A212: Billings | B212: Livingston | C212: 115
... A293: Wolf Point | B293: Glasgow | C293: 49

Sheet CAREER TIMELINE
B1: CAREER TIMELINE | Suggested 10–20 Year Pathway Based on Your Profile
B2: ="Rank: "&'MY PROFILE'!C6&" | MOS: "&'MY PROFILE'!C7&" | Goal: "&'MY PROFILE'!C25&" | Primary Goal: "&'MY PROFILE'!C26
B3: This timeline is a PLANNING GUIDE, not a guarantee. Adjust based on force structure, available positions, and board outcomes. Positions typically held 2–3 years each.
B5: ENLISTED CAREER PATH — Example: 92Y → SFC → MSG (Goal)
C6: E5 / SGT Team Leader / Supply SGT (2–3 yrs) BLC → ALC Prep | D6: ALC Advanced Leader Course (3 wks yrs) Fort Lee or Regional | E6: E6 / SSG Section NCOIC / SL (2–3 yrs) KD: Lead soldiers | F6: SLC Senior Leader Course (6 wks yrs) USASMA competitive | G6: E7 / SFC Platoon SGT / Staff (2–3 yrs) Broaden experience | H6: E8 / MSG 1SG or Senior Staff (3+ yrs) Senior leader track | I6: E8 1SG Company 1SG (2–3 yrs) Pinnacle for many
C9: ─────────────────────────────────────────────────────────────────────→ | D9: ─────────────────────────────────────────────────────────────────────→ | E9: ─────────────────────────────────────────────────────────────────────→ | F9: ─────────────────────────────────────────────────────────────────────→ | G9: ─────────────────────────────────────────────────────────────────────→ | H9: ─────────────────────────────────────────────────────────────────────→ | I9: ─────────────────────────────────────────────────────────────────────→
B11: OFFICER CAREER PATH — Example: 2LT → CPT (Company Command) → MAJ → LTC
C12: O1-O2 Platoon Leader / XO (2–3 yrs) BOLC → branch qual | D12: CCC Captain's Career Course (4 mos yrs) Branch school | E12: O3 CPT Company Command (2 yrs) KD: Pinnacle CPT | F12: O3 CPT Battalion Staff S3/S4/S1 (2 yrs) KD staff tour | G12: ILE Intermediate Level Ed (1 yr yrs) CGSC / non-res | H12: O5 LTC Battalion Command (2 yrs) BN CDR — elite | I12: O5 LTC Brigade Staff / J-Staff (3+ yrs) Senior staff
B17: WARRANT OFFICER PATH — Example: WO1 → CW3 → CW5 (Senior Warrant)
C18: WOFT / WOBC Warrant Officer Basic Course (6–18 mo yrs) IERW if aviator | D18: CW2 Tech Expert in MOS (3–4 yrs) WOAC prep | E18: WOAC Warrant Officer Advanced Course (3 wks yrs) MOS branch school | F18: CW3 Senior Tech Advisor (3–4 yrs) WOILE prep | G18: WOILE / WOSSE WO Intermediate Level Ed (3 wks yrs) Fort Leavenworth | H18: CW4 Senior Warrant Leader (4+ yrs) Mentor CW1/CW2 | I18: CW5 Chief Warrant Officer 5 (3+ yrs) Rare — senior WO
B23: KEY DECISION GATES — When to take action
B24: E4→E5 | C24: Enroll in BLC. Ensure SSD1 complete. Ask unit for recommendation letter.
B25: E5→E6 | C25: Complete ALC. Serve in leadership position. Build OER/NCOER support file.
B26: E6→E7 (SFC) | C26: Compete for SLC. Seek platoon sergeant or staff NCOIC. Consider AGR track.
B27: E7→E8 (MSG) | C27: SLC complete. Centralized board. 1SG assignment is key. Build senior rater relationship.
B28: Command Track | C28: Pre-Command Course required. Build relationship with BN CDR and retention NCO.
B29: WO Interest | C29: Talk to state WO recruiter. SIFT test. Class 1A physical (if aviation). Strong GT score.
B30: AGR Interest | C30: Contact state AGR office. Position must be vacant. AGR tour = active duty benefits.
B31: MOS Switch | C31: Talk to retention NCO. Check line scores and waivers. Plan MOSQ school time off work.
B33: TIMELINE LEGEND
B34: School/PME
B35: Leadership
B36: Staff
B37: Command
B38: Broadening
B39: Transition

Sheet COUNSELING SHEET
B1: MONTANA ARMY NATIONAL GUARD — SOLDIER CAREER COUNSELING SHEET
B2: ="As of: "&TEXT(TODAY(),"MMMM DD, YYYY")&" | Prepared for: "&'MY PROFILE'!C6&" "&'MY PROFILE'!C5&" | MOS: "&'MY PROFILE'!C7&" | Home: "&'MY PROFILE'!C10
B3: SECTION 1 — CURRENT SNAPSHOT
B4: Rank / Grade | C4: ='MY PROFILE'!C6 | F4: Career Category | G4: ='MY PROFILE'!E6
B5: MOS / AOC | C5: ='MY PROFILE'!C7 | F5: Component | G5: ='MY PROFILE'!G6
B6: Unit | C6: ='MY PROFILE'!C8 | F6: Unit City | G6: ='MY PROFILE'!G9
B7: Current Title | C7: ='MY PROFILE'!C9 | F7: Years of Service | G7: ='MY PROFILE'!C11
B8: TIG (yrs) | C8: ='MY PROFILE'!E11 | F8: TIS / Svc Entry | G8: ='MY PROFILE'!E12
B9: Clearance | C9: ='MY PROFILE'!E42 | F9: APFT Status | G9: ='MY PROFILE'!C42
B10: SECTION 2 — PME STATUS
B11: BLC | C11: ALC | D11: SLC | E11: SMC | F11: BOLC | G11: CCC | H11: ILE | I11: SSC | J11: WOBC | K11: WOAC
B12: ='MY PROFILE'!C16 | C12: ='MY PROFILE'!C17 | D12: ='MY PROFILE'!C18 | E12: ='MY PROFILE'!C19 | F12: ='MY PROFILE'!C16 | G12: ='MY PROFILE'!C17 | H12: ='MY PROFILE'!C18 | I12: ='MY PROFILE'!C19 | J12: ='MY PROFILE'!G16 | K12: ='MY PROFILE'!G17
B13: SECTION 3 — CAREER GOALS
B14: Target Rank | C14: ='MY PROFILE'!C25 | F14: Primary Goal | G14: ='MY PROFILE'!C26
B15: Goal Timeline | C15: ='MY PROFILE'!E25 | F15: Preferred Status | G15: ='MY PROFILE'!G25
B16: Position Type | C16: ='MY PROFILE'!C27 | F16: Open to Command? | G16: ='MY PROFILE'!E27
B17: Switch MOS? | C17: ='MY PROFILE'!G27 | F17: WO Interest? | G17: ='MY PROFILE'!E28
B18: Willing to Relocate? | C18: ='MY PROFILE'!G12 | F18: Max Commute | G18: ='MY PROFILE'!G10
B19: 5-Year Goal Statement | C19: ='MY PROFILE'!B31
B21: SECTION 4 — TOP POSITION MATCHES (from POSITION MATCHES sheet)
B22: Rank | C22: Unit | D22: City | E22: Duty Title | F22: Duty Title | I22: Match | J22: Commute
B23: ='POSITION MATCHES'!C6 | C23: ='POSITION MATCHES'!D6 | E23: ='POSITION MATCHES'!F6 | F23: ='POSITION MATCHES'!E6 | I23: ='POSITION MATCHES'!K6 | J23: ='POSITION MATCHES'!R6 | K23: ='POSITION MATCHES'!S6
B24: ='POSITION MATCHES'!C7 | C24: ='POSITION MATCHES'!D7 | E24: ='POSITION MATCHES'!F7 | F24: ='POSITION MATCHES'!E7 | I24: ='POSITION MATCHES'!K7 | J24: ='POSITION MATCHES'!R7 | K24: ='POSITION MATCHES'!S7
B25: ='POSITION MATCHES'!C8 | C25: ='POSITION MATCHES'!D8 | E25: ='POSITION MATCHES'!F8 | F25: ='POSITION MATCHES'!E8 | I25: ='POSITION MATCHES'!K8 | J25: ='POSITION MATCHES'!R8 | K25: ='POSITION MATCHES'!S8
B26: ='POSITION MATCHES'!C9 | C26: ='POSITION MATCHES'!D9 | E26: ='POSITION MATCHES'!F9 | F26: ='POSITION MATCHES'!E9 | I26: ='POSITION MATCHES'!K9 | J26: ='POSITION MATCHES'!R9 | K26: ='POSITION MATCHES'!S9
B27: ='POSITION MATCHES'!C10 | C27: ='POSITION MATCHES'!D10 | E27: ='POSITION MATCHES'!F10 | F27: ='POSITION MATCHES'!E10 | I27: ='POSITION MATCHES'!K10 | J27: ='POSITION MATCHES'!R10 | K27: ='POSITION MATCHES'!S10
B29: SECTION 5 — GAPS TO CLOSE (Complete before next board/assignment)
B30: PME Required | C30: ='MY PROFILE'!C17 | F30: Status | G30: ='MY PROFILE'!C17
B31: Schools Recommended | C31: SLC — see PME sheet | F31: Timeline | G31: Within 2 years
B32: MOS Qualification | C32: N/A — current MOS qualified | F32: Action | G32: Maintain currency
B33: Deployment / OCONUS | C33: ='MY PROFILE'!G42 | F33: Impact | G33: Points toward senior boards
B34: Education Goal | C34: ='MY PROFILE'!C22 | F34: Gap | G34: Complete bachelor's degree
B36: SECTION 6 — SUGGESTED NEAR-TERM CAREER PATHWAY
B37: NOW (0–2 yrs) | C37: Complete ALC. Stay in current position. Build NCOER support file. Target E6 board.
B38: MID (2–5 yrs) | C38: Move to Squad Leader / NCOIC role. Attend SLC. Consider AGR conversion opportunity.
B39: GOAL (5–10 yrs) | C39: Compete for SFC. Seek platoon sergeant billet. Position near Helena or AGR statewide.
B40: SECTION 7 — DISCUSSION POINTS FOR THIS COUNSELING SESSION
B41: 1. Next promotion board — Is the Soldier on track? What does the senior rater need to see?
B42: 2. Position of Interest — Are the matched positions realistic? Is command/KD needed?
B43: 3. AGR opportunity — Is the Soldier interested? Any open AGR billets to discuss?
B44: 4. PME gaps — When will the Soldier attend the next required school?
B45: 5. Commute and relocation — Are geographic constraints realistic for stated goals?
B46: 6. MOS switch or branch transfer — Is this being considered? What are the steps?
B47: 7. Warrant Officer program — Any interest? SIFT score and physical status?
B48: 8. Senior rater support — Does the Soldier understand what the senior rater needs to say?
B49: 9. ETS / retention planning — Does the Soldier plan to re-enlist? What incentives exist?
B50: 10. Mentorship — Who is the Soldier's mentor? Is there a plan for regular touchpoints?
B52: SIGNATURES
B53: Soldier Signature / Date | E53: Mentor / Rater Signature / Date | H53: Senior Rater Signature / Date
B54: MTARNG Career Planning Tool v1.0 | DEMO DATA — Replace admin reference sheets with real MTARNG data before operational use

Sheet ADMIN - POSITIONS
A1: ⚠ ADMIN SHEET — POSITION REFERENCE DATABASE | Replace [DEMO] rows with real MTARNG UMR/MTOE data
A2: Row ID | B2: Unit Name | C2: UIC | D2: City / Location | E2: Duty Title | F2: Grade | G2: Career Category | H2: MOS / AOC | I2: Branch / FA | J2: Position Type | K2: Command or KD | L2: Status Type | M2: Vacancy Status | N2: Proj Vacancy Date | O2: Secondary MOS OK | P2: Match Weight Override | Q2: Notes | R2: DEMO FLAG
A3: 1 | B3: 1-189th IN BN, A Co | C3: W4MMB3 | D3: Billings | E3: Rifle Team Leader | F3: E5 | G3: Enlisted | H3: 11B | I3: IN | J3: Leadership | K3: No | L3: M-Day | M3: Filled | Q3: Squad/team ldr pos | R3: [DEMO]
A4: 2 | B4: 1-189th IN BN, A Co | C4: W4MMB3 | D4: Billings | E4: Squad Leader | F4: E6 | G4: Enlisted | H4: 11B | I4: IN | J4: Leadership | K4: Yes | L4: M-Day | M4: Vacant | N4: 2026-09-01 | Q4: KD for promotable SSG | R4: [DEMO]
A5: 3 | B5: 1-189th IN BN, HHC | C5: W4MMB4 | D5: Billings | E5: Operations SGT | F5: E7 | G5: Enlisted | H5: 11B | I5: IN | J5: Staff | K5: No | L5: M-Day | M5: Filled | Q5: Batt ops shop | R5: [DEMO]
A6: 4 | B6: 1-189th IN BN, HHC | C6: W4MMB4 | D6: Billings | E6: Readiness NCO | F6: E7 | G6: Enlisted | H6: 92Y | I6: AG | J6: Staff | K6: No | L6: AGR | M6: Filled | Q6: Full-time readiness | R6: [DEMO]
A7: 5 | B7: 1-189th IN BN, HHC | C7: W4MMB4 | D7: Billings | E7: S4 NCOIC | F7: E7 | G7: Enlisted | H7: 92Y | I7: LG | J7: Staff | K7: No | L7: M-Day | M7: Vacant | Q7: Log/supply focus | R7: [DEMO]
A8: 6 | B8: 1-189th IN BN, HHC | C8: W4MMB4 | D8: Billings | E8: 1SG, A Co | F8: E8 | G8: Enlisted | H8: 11B | I8: IN | J8: Command | K8: Yes | L8: M-Day | M8: Filled | Q8: Senior Enlisted Leader | R8: [DEMO]
A9: 7 | B9: 1-189th IN BN | C9: W4MMB4 | D9: Billings | E9: CSM, 1-189th IN BN | F9: E9 | G9: Enlisted | H9: 11B | I9: IN | J9: Command | K9: Yes | L9: M-Day | M9: Filled | N9: 2027-06-01 | Q9: BN CSM | R9: [DEMO]
A10: 8 | B10: 1-189th IN BN | C10: W4MMB4 | D10: Billings | E10: S3, 1-189th IN BN | F10: O3 | G10: Officer | H10: 11A | I10: IN | J10: Staff | K10: Yes | L10: M-Day | M10: Filled | Q10: KD staff tour | R10: [DEMO]
A11: 9 | B11: 1-189th IN BN | C11: W4MMB4 | D11: Billings | E11: CDR, A Co, 1-189th IN BN | F11: O3 | G11: Officer | H11: 11A | I11: IN | J11: Command | K11: Yes | L11: M-Day | M11: Vacant | N11: 2026-07-01 | Q11: Company command window | R11: [DEMO]
A12: 10 | B12: 1-189th IN BN | C12: W4MMB4 | D12: Billings | E12: XO, 1-189th IN BN | F12: O4 | G12: Officer | H12: 11A | I12: IN | J12: Staff | K12: Yes | L12: M-Day | M12: Filled | Q12: BN XO | R12: [DEMO]
A13: 11 | B13: 1-189th IN BN | C13: W4MMB4 | D13: Billings | E13: CDR, 1-189th IN BN | F13: O5 | G13: Officer | H13: 11A | I13: IN | J13: Command | K13: Yes | L13: M-Day | M13: Filled | N13: 2028-01-01 | Q13: BN Command | R13: [DEMO]
A14: 12 | B14: 163d Cavalry, HHT | C14: W4MM92 | D14: Billings | E14: Supply SGT | F14: E6 | G14: Enlisted | H14: 92Y | I14: LG | J14: Technical | K14: No | L14: M-Day | M14: Filled | Q14: Unit supply | R14: [DEMO]
A15: 13 | B15: 163d Cavalry, HHT | C15: W4MM92 | D15: Billings | E15: Property Book NCO | F15: E7 | G15: Enlisted | H15: 92Y | I15: LG | J15: Staff | K15: No | L15: AGR | M15: Vacant | N15: 2026-10-01 | Q15: AGR PB NCO | R15: [DEMO]
A16: 14 | B16: 163d Cavalry, HHT | C16: W4MM92 | D16: Billings | E16: Warrant Officer — Property | F16: W2 | G16: Warrant | H16: 920A | I16: LG | J16: Technical | K16: No | L16: M-Day | M16: Filled | Q16: Property Accounting Tech | R16: [DEMO]
A17: 15 | B17: 163d Cavalry, HHT | C17: W4MM92 | D17: Billings | E17: Troop CDR, HHT | F17: O3 | G17: Officer | H17: 19A | I17: AR | J17: Command | K17: Yes | L17: M-Day | M17: Filled | R17: [DEMO]
A18: 16 | B18: MTARNG G1 / USPFO | C18: W4M001 | D18: Helena | E18: Personnel SGT | F18: E5 | G18: Enlisted | H18: 42A | I18: AG | J18: Staff | K18: No | L18: AGR | M18: Filled | Q18: State HQ HR | R18: [DEMO]
A19: 17 | B19: MTARNG G1 / USPFO | C19: W4M001 | D19: Helena | E19: HR NCOIC | F19: E7 | G19: Enlisted | H19: 42A | I19: AG | J19: Staff | K19: No | L19: AGR | M19: Filled | R19: [DEMO]
A20: 18 | B20: MTARNG G3 | C20: W4M001 | D20: Helena | E20: Training NCO | F20: E7 | G20: Enlisted | H20: 11B | I20: IN | J20: Staff | K20: No | L20: AGR | M20: Vacant | N20: 2027-03-01 | Q20: State G3 shop | R20: [DEMO]
A21: 19 | B21: MTARNG G4 | C21: W4M001 | D21: Helena | E21: Logistics SGT | F21: E6 | G21: Enlisted | H21: 92A | I21: LG | J21: Staff | K21: No | L21: AGR | M21: Filled | Q21: State log shop | R21: [DEMO]
A22: 20 | B22: MTARNG G4 | C22: W4M001 | D22: Helena | E22: G4 NCOIC | F22: E8 | G22: Enlisted | H22: 92A | I22: LG | J22: Staff | K22: No | L22: AGR | M22: Filled | N22: 2027-06-01 | R22: [DEMO]
A23: 21 | B23: MTARNG HQ | C23: W4M001 | D23: Helena | E23: State Command Sergeant Major | F23: E9 | G23: Enlisted | H23: 00Z | I23: IN | J23: Command | K23: Yes | L23: AGR | M23: Filled | Q23: State CSM | R23: [DEMO]
A24: 22 | B24: MTARNG HQ | C24: W4M001 | D24: Helena | E24: G1, MTARNG | F24: O5 | G24: Officer | H24: 42H | I24: AG | J24: Staff | K24: Yes | L24: AGR | M24: Filled | R24: [DEMO]
A25: 23 | B25: MTARNG HQ | C25: W4M001 | D25: Helena | E25: G3, MTARNG | F25: O5 | G25: Officer | H25: 11A | I25: IN | J25: Staff | K25: Yes | L25: AGR | M25: Filled | N25: 2027-09-01 | R25: [DEMO]
A26: 24 | B26: MTARNG HQ | C26: W4M001 | D26: Helena | E26: The Adjutant General | F26: O8 | G26: Officer | H26: 00A | I26: IN | J26: Command | K26: Yes | L26: AGR | M26: Filled | Q26: TAG | R26: [DEMO]
A27: 25 | B27: 240th Engineer Co | C27: W4MMEC | D27: Helena | E27: Combat Engineer | F27: E4 | G27: Enlisted | H27: 12B | I27: EN | J27: Technical | K27: No | L27: M-Day | M27: Vacant | R27: [DEMO]
A28: 26 | B28: 240th Engineer Co | C28: W4MMEC | D28: Helena | E28: Equipment Operator | F28: E5 | G28: Enlisted | H28: 12B | I28: EN | J28: Technical | K28: No | L28: M-Day | M28: Filled | R28: [DEMO]
A29: 27 | B29: 240th Engineer Co | C29: W4MMEC | D29: Helena | E29: Squad Leader | F29: E6 | G29: Enlisted | H29: 12B | I29: EN | J29: Leadership | K29: Yes | L29: M-Day | M29: Vacant | N29: 2026-10-01 | R29: [DEMO]
A30: 28 | B30: 240th Engineer Co | C30: W4MMEC | D30: Helena | E30: Platoon Sergeant | F30: E7 | G30: Enlisted | H30: 12B | I30: EN | J30: Leadership | K30: Yes | L30: M-Day | M30: Filled | R30: [DEMO]
A31: 29 | B31: 240th Engineer Co | C31: W4MMEC | D31: Helena | E31: 1SG, 240th Eng Co | F31: E8 | G31: Enlisted | H31: 12B | I31: EN | J31: Command | K31: Yes | L31: M-Day | M31: Filled | N31: 2028-01-01 | R31: [DEMO]
A32: 30 | B32: 240th Engineer Co | C32: W4MMEC | D32: Helena | E32: CDR, 240th Engineer Co | F32: O3 | G32: Officer | H32: 12A | I32: EN | J32: Command | K32: Yes | L32: M-Day | M32: Vacant | N32: 2026-07-01 | Q32: Company command | R32: [DEMO]
A33: 31 | B33: 1-163d IN BN, B Co | C33: W4MMBF | D33: Great Falls | E33: Rifle Team Leader | F33: E5 | G33: Enlisted | H33: 11B | I33: IN | J33: Leadership | K33: No | L33: M-Day | M33: Filled | R33: [DEMO]
A34: 32 | B34: 1-163d IN BN, B Co | C34: W4MMBF | D34: Great Falls | E34: Squad Leader | F34: E6 | G34: Enlisted | H34: 11B | I34: IN | J34: Leadership | K34: Yes | L34: M-Day | M34: Filled | R34: [DEMO]
A35: 33 | B35: 1-163d IN BN, B Co | C35: W4MMBF | D35: Great Falls | E35: Weapons Squad Leader | F35: E6 | G35: Enlisted | H35: 11B | I35: IN | J35: Leadership | K35: Yes | L35: M-Day | M35: Vacant | N35: 2026-09-01 | Q35: Weapons platoon | R35: [DEMO]
A36: 34 | B36: 1-163d IN BN, HHC | C36: W4MMBG | D36: Great Falls | E36: Comms SGT | F36: E6 | G36: Enlisted | H36: 25U | I36: SC | J36: Technical | K36: No | L36: M-Day | M36: Vacant | R36: [DEMO]
A37: 35 | B37: 1-163d IN BN, HHC | C37: W4MMBG | D37: Great Falls | E37: S6 NCOIC | F37: E7 | G37: Enlisted | H37: 25U | I37: SC | J37: Staff | K37: No | L37: M-Day | M37: Filled | R37: [DEMO]
A38: 36 | B38: 1-163d IN BN, HHC | C38: W4MMBG | D38: Great Falls | E38: Network Tech WO | F38: W2 | G38: Warrant | H38: 255A | I38: SC | J38: Technical | K38: No | L38: M-Day | M38: Filled | R38: [DEMO]
A39: 37 | B39: 1-163d IN BN, HHC | C39: W4MMBG | D39: Great Falls | E39: Intel Officer | F39: O2 | G39: Officer | H39: 35D | I39: MI | J39: Staff | K39: No | L39: M-Day | M39: Vacant | Q39: HUMINT/GEOINT | R39: [DEMO]
A40: 38 | B40: 1-163d IN BN, HHC | C40: W4MMBG | D40: Great Falls | E40: S2, 1-163d IN BN | F40: O3 | G40: Officer | H40: 35D | I40: MI | J40: Staff | K40: Yes | L40: M-Day | M40: Filled | R40: [DEMO]
A41: 39 | B41: 1-163d IN BN | C41: W4MMBG | D41: Great Falls | E41: CDR, B Co | F41: O3 | G41: Officer | H41: 11A | I41: IN | J41: Command | K41: Yes | L41: M-Day | M41: Filled | N41: 2027-07-01 | R41: [DEMO]
A42: 40 | B42: 1-163d IN BN | C42: W4MMBG | D42: Great Falls | E42: XO, 1-163d IN BN | F42: O4 | G42: Officer | H42: 11A | I42: IN | J42: Staff | K42: Yes | L42: M-Day | M42: Filled | R42: [DEMO]
A43: 41 | B43: 495th Combat Sust Spt Co | C43: W4MMMS | D43: Missoula | E43: Motor Transport Operator | F43: E4 | G43: Enlisted | H43: 88M | I43: TC | J43: Technical | K43: No | L43: M-Day | M43: Vacant | R43: [DEMO]
A44: 42 | B44: 495th Combat Sust Spt Co | C44: W4MMMS | D44: Missoula | E44: Motor SGT | F44: E6 | G44: Enlisted | H44: 88M | I44: TC | J44: Leadership | K44: No | L44: M-Day | M44: Filled | R44: [DEMO]
A45: 43 | B45: 495th Combat Sust Spt Co | C45: W4MMMS | D45: Missoula | E45: Supply SGT | F45: E6 | G45: Enlisted | H45: 92Y | I45: LG | J45: Technical | K45: No | L45: M-Day | M45: Vacant | N45: 2026-09-01 | R45: [DEMO]
A46: 44 | B46: 495th Combat Sust Spt Co | C46: W4MMMS | D46: Missoula | E46: Orderly Room / HR SGT | F46: E6 | G46: Enlisted | H46: 42A | I46: AG | J46: Staff | K46: No | L46: M-Day | M46: Filled | R46: [DEMO]
A47: 45 | B47: 495th Combat Sust Spt Co | C47: W4MMMS | D47: Missoula | E47: 1SG, 495th CSSC | F47: E8 | G47: Enlisted | H47: 92Y | I47: LG | J47: Command | K47: Yes | L47: M-Day | M47: Filled | R47: [DEMO]
A48: 46 | B48: 495th Combat Sust Spt Co | C48: W4MMMS | D48: Missoula | E48: CDR, 495th CSSC | F48: O3 | G48: Officer | H48: 92A | I48: LG | J48: Command | K48: Yes | L48: M-Day | M48: Vacant | N48: 2026-10-01 | R48: [DEMO]
A49: 47 | B49: 163d CAV, A Troop | C49: W4MMBT | D49: Bozeman | E49: Scout / 19D | F49: E4 | G49: Enlisted | H49: 19D | I49: AR | J49: Technical | K49: No | L49: M-Day | M49: Vacant | R49: [DEMO]
A50: 48 | B50: 163d CAV, A Troop | C50: W4MMBT | D50: Bozeman | E50: Scout SGT | F50: E5 | G50: Enlisted | H50: 19D | I50: AR | J50: Leadership | K50: No | L50: M-Day | M50: Filled | R50: [DEMO]
A51: 49 | B51: 163d CAV, A Troop | C51: W4MMBT | D51: Bozeman | E51: Staff SGT Scout | F51: E6 | G51: Enlisted | H51: 19D | I51: AR | J51: Leadership | K51: Yes | L51: M-Day | M51: Vacant | R51: [DEMO]
A52: 50 | B52: 163d CAV, A Troop | C52: W4MMBT | D52: Bozeman | E52: Medic 68W | F52: E5 | G52: Enlisted | H52: 68W | I52: MC | J52: Technical | K52: No | L52: M-Day | M52: Filled | R52: [DEMO]
A53: 51 | B53: 163d CAV, A Troop | C53: W4MMBT | D53: Bozeman | E53: Senior Medic / Medical SGT | F53: E7 | G53: Enlisted | H53: 68W | I53: MC | J53: Technical | K53: No | L53: M-Day | M53: Vacant | N53: 2027-01-01 | R53: [DEMO]
A54: 52 | B54: 163d CAV, A Troop | C54: W4MMBT | D54: Bozeman | E54: Troop XO | F54: O2 | G54: Officer | H54: 19A | I54: AR | J54: Staff | K54: No | L54: M-Day | M54: Filled | R54: [DEMO]
A55: 53 | B55: 163d CAV, A Troop | C55: W4MMBT | D55: Bozeman | E55: Troop CDR, A Trp | F55: O3 | G55: Officer | H55: 19A | I55: AR | J55: Command | K55: Yes | L55: M-Day | M55: Filled | N55: 2027-06-01 | R55: [DEMO]
A56: 54 | B56: 224th Eng Co | C56: W4MMKL | D56: Kalispell | E56: Combat Engineer | F56: E4 | G56: Enlisted | H56: 12B | I56: EN | J56: Technical | K56: No | L56: M-Day | M56: Vacant | R56: [DEMO]
A57: 55 | B57: 224th Eng Co | C57: W4MMKL | D57: Kalispell | E57: Squad Leader | F57: E6 | G57: Enlisted | H57: 12B | I57: EN | J57: Leadership | K57: Yes | L57: M-Day | M57: Filled | R57: [DEMO]
A58: 56 | B58: 224th Eng Co | C58: W4MMKL | D58: Kalispell | E58: Platoon Sergeant | F58: E7 | G58: Enlisted | H58: 12B | I58: EN | J58: Leadership | K58: Yes | L58: M-Day | M58: Vacant | N58: 2026-11-01 | R58: [DEMO]
A59: 57 | B59: 224th Eng Co | C59: W4MMKL | D59: Kalispell | E59: 1SG, 224th Eng Co | F59: E8 | G59: Enlisted | H59: 12B | I59: EN | J59: Command | K59: Yes | L59: M-Day | M59: Filled | R59: [DEMO]
A60: 58 | B60: 224th Eng Co | C60: W4MMKL | D60: Kalispell | E60: CDR, 224th Eng Co | F60: O3 | G60: Officer | H60: 12A | I60: EN | J60: Command | K60: Yes | L60: M-Day | M60: Filled | N60: 2028-01-01 | R60: [DEMO]
A61: 59 | B61: 163d CAV, C Troop | C61: W4MMMC | D61: Miles City | E61: Scout | F61: E4 | G61: Enlisted | H61: 19D | I61: AR | J61: Technical | K61: No | L61: M-Day | M61: Vacant | R61: [DEMO]
A62: 60 | B62: 163d CAV, C Troop | C62: W4MMMC | D62: Miles City | E62: Scout SGT | F62: E5 | G62: Enlisted | H62: 19D | I62: AR | J62: Leadership | K62: No | L62: M-Day | M62: Filled | R62: [DEMO]
A63: 61 | B63: 163d CAV, C Troop | C63: W4MMMC | D63: Miles City | E63: Supply SGT | F63: E6 | G63: Enlisted | H63: 92Y | I63: LG | J63: Technical | K63: No | L63: M-Day | M63: Vacant | R63: [DEMO]
A64: 62 | B64: 163d CAV, C Troop | C64: W4MMMC | D64: Miles City | E64: 1SG, C Troop | F64: E8 | G64: Enlisted | H64: 19D | I64: AR | J64: Command | K64: Yes | L64: M-Day | M64: Filled | R64: [DEMO]
A65: 63 | B65: 163d CAV, C Troop | C65: W4MMMC | D65: Miles City | E65: Troop CDR, C Troop | F65: O3 | G65: Officer | H65: 19A | I65: AR | J65: Command | K65: Yes | L65: M-Day | M65: Filled | N65: 2027-08-01 | R65: [DEMO]
A66: 64 | B66: 1-189th IN BN, D Co | C66: W4MMDI | D66: Dillon | E66: Rifle SGT | F66: E5 | G66: Enlisted | H66: 11B | I66: IN | J66: Leadership | K66: No | L66: M-Day | M66: Filled | R66: [DEMO]
A67: 65 | B67: 1-189th IN BN, D Co | C67: W4MMDI | D67: Dillon | E67: Squad Leader | F67: E6 | G67: Enlisted | H67: 11B | I67: IN | J67: Leadership | K67: Yes | L67: M-Day | M67: Vacant | N67: 2026-10-01 | R67: [DEMO]
A68: 66 | B68: 1-189th IN BN, D Co | C68: W4MMDI | D68: Dillon | E68: 1SG, D Co | F68: E8 | G68: Enlisted | H68: 11B | I68: IN | J68: Command | K68: Yes | L68: M-Day | M68: Filled | R68: [DEMO]
A69: 67 | B69: 1-189th IN BN, D Co | C69: W4MMDI | D69: Dillon | E69: CDR, D Co | F69: O3 | G69: Officer | H69: 11A | I69: IN | J69: Command | K69: Yes | L69: M-Day | M69: Filled | N69: 2028-01-01 | R69: [DEMO]
A70: 68 | B70: 163d CAV, D Troop | C70: W4MMHV | D70: Havre | E70: Scout | F70: E4 | G70: Enlisted | H70: 19D | I70: AR | J70: Technical | K70: No | L70: M-Day | M70: Vacant | R70: [DEMO]
A71: 69 | B71: 163d CAV, D Troop | C71: W4MMHV | D71: Havre | E71: Scout SGT | F71: E5 | G71: Enlisted | H71: 19D | I71: AR | J71: Leadership | K71: No | L71: M-Day | M71: Filled | R71: [DEMO]
A72: 70 | B72: 163d CAV, D Troop | C72: W4MMHV | D72: Havre | E72: Supply SGT | F72: E6 | G72: Enlisted | H72: 92Y | I72: LG | J72: Technical | K72: No | L72: M-Day | M72: Filled | R72: [DEMO]
A73: 71 | B73: 163d CAV, D Troop | C73: W4MMHV | D73: Havre | E73: 1SG, D Troop | F73: E8 | G73: Enlisted | H73: 19D | I73: AR | J73: Command | K73: Yes | L73: M-Day | M73: Filled | N73: 2028-06-01 | R73: [DEMO]
A74: 72 | B74: 163d CAV, D Troop | C74: W4MMHV | D74: Havre | E74: Troop CDR, D Troop | F74: O3 | G74: Officer | H74: 19A | I74: AR | J74: Command | K74: Yes | L74: M-Day | M74: Filled | R74: [DEMO]
A75: 73 | B75: MTARNG JFHQ Med Det | C75: W4MHMD | D75: Helena | E75: Physician Assistant PA | F75: O3 | G75: Officer | H75: 67D | I75: MC | J75: Technical | K75: No | L75: AGR | M75: Vacant | R75: [DEMO]
A76: 74 | B76: MTARNG JFHQ Med Det | C76: W4MHMD | D76: Helena | E76: Medical SGT | F76: E7 | G76: Enlisted | H76: 68W | I76: MC | J76: Technical | K76: No | L76: AGR | M76: Filled | R76: [DEMO]
A77: 75 | B77: MTARNG JFHQ | C77: W4M001 | D77: Helena | E77: PAO NCO | F77: E6 | G77: Enlisted | H77: 46Z | I77: PA | J77: Staff | K77: No | L77: AGR | M77: Filled | R77: [DEMO]
A78: 76 | B78: MTARNG Aviation | C78: W4MMAV | D78: Helena | E78: UH-60 Pilot | F78: W2 | G78: Warrant | H78: 153A | I78: AV | J78: Technical | K78: No | L78: M-Day | M78: Vacant | Q78: IERW required | R78: [DEMO]
A79: 77 | B79: MTARNG Aviation | C79: W4MMAV | D79: Helena | E79: UH-60 Pilot / PC | F79: W3 | G79: Warrant | H79: 153D | I79: AV | J79: Technical | K79: No | L79: M-Day | M79: Filled | R79: [DEMO]
A80: 78 | B80: MTARNG Aviation | C80: W4MMAV | D80: Helena | E80: Aviation CDR | F80: O4 | G80: Officer | H80: 15A | I80: AV | J80: Command | K80: Yes | L80: M-Day | M80: Filled | N80: 2028-01-01 | R80: [DEMO]
A81: 79 | B81: MTARNG Recruiting & Ret | C81: W4MMRR | D81: Helena | E81: Retention NCO | F81: E7 | G81: Enlisted | H81: 79S | I81: AG | J81: Staff | K81: No | L81: AGR | M81: Vacant | Q81: Statewide travel req | R81: [DEMO]
A82: 80 | B82: MTARNG Recruiting & Ret | C82: W4MMRR | D82: Helena | E82: Senior Retention NCO | F82: E8 | G82: Enlisted | H82: 79S | I82: AG | J82: Staff | K82: No | L82: AGR | M82: Filled | R82: [DEMO]

Sheet ADMIN - CITY DISTANCES
A1: ⚠ ADMIN SHEET — MONTANA CITY DRIVE TIME & DISTANCE MATRIX | Verify against Google Maps / OSRM before operational use
A2: From City | B2: To City | C2: Miles (One Way) | D2: Drive Time (hrs:min) | E2: Route Notes | F2: DEMO FLAG
A3: Billings | B3: Bozeman | C3: 144 | D3: 2:10 | E3: I-90 W | F3: [DEMO]
A4: Billings | B4: Butte | C4: 223 | D4: 3:10 | E4: I-90 W | F4: [DEMO]
A5: Billings | B5: Helena | C5: 221 | D5: 3:05 | E5: I-90 W / US-12 W | F5: [DEMO]
A6: Billings | B6: Great Falls | C6: 225 | D6: 3:15 | E6: US-87 N | F6: [DEMO]
A7: Billings | B7: Missoula | C7: 344 | D7: 4:45 | E7: I-90 W | F7: [DEMO]
A8: Billings | B8: Kalispell | C8: 449 | D8: 6:10 | E8: I-90 W / US-93 N | F8: [DEMO]
A9: Billings | B9: Miles City | C9: 141 | D9: 2:05 | E9: I-94 E | F9: [DEMO]
A10: Billings | B10: Dillon | C10: 302 | D10: 4:15 | E10: I-90 W / I-15 S | F10: [DEMO]
A11: Billings | B11: Havre | C11: 231 | D11: 3:20 | E11: US-87 N | F11: [DEMO]
A12: Billings | B12: Lewistown | C12: 126 | D12: 1:55 | E12: US-87 N | F12: [DEMO]
A13: Billings | B13: Livingston | C13: 115 | D13: 1:40 | E13: I-90 W | F13: [DEMO]
A14: Billings | B14: Glendive | C14: 213 | D14: 3:00 | E14: I-94 E | F14: [DEMO]
... A44: Great Falls | B44: Glasgow | C44: 228 | D44: 3:10 | E44: US-2 E | F44: [DEMO]

Sheet ADMIN - PME AND SCHOOLS
A1: ⚠ ADMIN SHEET — PME & SCHOOL REQUIREMENTS | Update as AR 350-1 / ARNG policy changes
A2: Career Cat | B2: Grade | C2: PME / Course | D2: Course Code | E2: Required or Recommended | F2: Prerequisite | G2: Duration | H2: Where Taught | I2: Notes | J2: DEMO FLAG
A3: Enlisted | B3: E4-E5 | C3: Basic Leader Course (BLC) | D3: BLC | E3: Required for E5 promotion | F3: SSD1 complete | G3: 3 weeks | H3: Regional NCO Academy | I3: Must complete before SPC-SGT promotion board | J3: [DEMO]
A4: Enlisted | B4: E5-E6 | C4: Advanced Leader Course (ALC) | D4: ALC | E4: Required for E6 promotion | F4: BLC complete | G4: 4 weeks | H4: Regional NCO Academy | I4: Selectee attendance within 1 year of board selection | J4: [DEMO]
A5: Enlisted | B5: E6-E7 | C5: Senior Leader Course (SLC) | D5: SLC | E5: Required for E7 promotion | F5: ALC complete | G5: 6 weeks | H5: Sergeant Major Academy (USASMA) | I5: Competitive attendance; centrally managed | J5: [DEMO]
A6: Enlisted | B6: E8-E9 | C6: Sergeant Major Course (SMC) | D6: SMC | E6: Required for CSM selection | F6: SLC complete | G6: 10 months | H6: USASMA Fort Bliss TX | I6: Highly competitive; CSM prerequisite | J6: [DEMO]
A7: Enlisted | B7: E5+ | C7: Structured Self Development 1 (SSD1) | D7: SSD1 | E7: Required for BLC attendance | F7: None | G7: Online | H7: AKO / Army e-Learning | I7: Complete prior to BLC registration | J7: [DEMO]
A8: Enlisted | B8: E5+ | C8: Structured Self Development 2 (SSD2) | D8: SSD2 | E8: Required for ALC attendance | F8: BLC + SSD1 | G8: Online | H8: AKO / Army e-Learning | J8: [DEMO]
A9: Warrant | B9: W1 | C9: Warrant Officer Basic Course (WOBC) | D9: WOBC | E9: Required after appointment | F9: CW1 appointment | G9: 3–6 months (MOS dependent) | H9: MOS branch school | I9: Complete within 24 months of appointment | J9: [DEMO]
A10: Warrant | B10: W2-W3 | C10: Warrant Officer Advanced Course (WOAC) | D10: WOAC | E10: Required for CW3 promotion | F10: WOBC complete | G10: 3 weeks | H10: MOS branch school | I10: Competitive; centrally managed | J10: [DEMO]
A11: Warrant | B11: W3-W4 | C11: Warrant Officer Intermediate Level Education (WOILE) | D11: WOILE | E11: Required for CW4 promotion | F11: WOAC complete | G11: 3 weeks | H11: Ft Leavenworth or DL | J11: [DEMO]
A12: Warrant | B12: W4-W5 | C12: Warrant Officer Senior Service Education (WOSSE) | D12: WOSSE | E12: Required for CW5 selection | F12: WOILE complete | G12: 2 weeks | H12: Various | I12: Seminar-based | J12: [DEMO]
A13: Officer | B13: O1 | C13: Basic Officer Leadership Course (BOLC) | D13: BOLC | E13: Required after commissioning | F13: Commission | G13: 8–24 weeks (branch dep) | H13: Branch school | I13: Complete within 12 months of commissioning | J13: [DEMO]
A14: Officer | B14: O3 | C14: Captain's Career Course (CCC) | D14: CCC | E14: Required for MAJ promotion | F14: BOLC + time | G14: 18 weeks | H14: Branch school | I14: Complete prior to MAJ promotion board | J14: [DEMO]
A15: Officer | B15: O4-O5 | C15: Intermediate Level Education (ILE) | D15: ILE | E15: Required for LTC promotion | F15: CCC + 8 yrs | G15: 10 months | H15: Ft Leavenworth (CGSC) or non-resident | I15: Highly competitive resident; non-resident via ATRRS | J15: [DEMO]
A16: Officer | B16: O5-O6 | C16: Senior Service College (SSC) | D16: SSC | E16: Required for COL/GO | F16: ILE complete | G16: 10 months | H16: AWC, ICAF, or equivalent | I16: Very competitive; <15% selected | J16: [DEMO]
A17: Officer | B17: O3+ | C17: Pre-Command Course (PCC) | D17: PCC | E17: Required before company command | F17: CCC + slated | G17: 1 week | H17: Fort Leavenworth | I17: Required for all company commanders | J17: [DEMO]
A18: Officer | B18: O4+ | C18: Battalion Pre-Command Course (BN PCC) | D18: BN-PCC | E18: Required before BN command | F18: ILE + slated | G18: 2 weeks | H18: Fort Leavenworth | I18: Required for LTC command selection | J18: [DEMO]
A19: Enlisted | B19: E5-E6 | C19: 92Y Unit Supply Specialist Advanced | D19: 92Y ALC | E19: Required for 92Y E6 | F19: BLC + 92Y MOSQ | G19: 4 weeks | H19: Quartermasters (Ft Lee) | I19: MOS-specific ALC track | J19: [DEMO]
A20: Enlisted | B20: E5-E6 | C20: 68W Combat Medic Specialist Advanced | D20: 68W ALC | E20: Required for 68W E6 | F20: BLC + EMT-B | G20: 4 weeks | H20: Medical Center of Excellence | I20: EMT-B required for 68W | J20: [DEMO]
A21: Enlisted | B21: Any | C21: Recruiting and Retention School | D21: RRS | E21: Required for 79S MOS | F21: SSG+ recommended | G21: 4 weeks | H21: Ft Knox | I21: Required for retention NCO qualification | J21: [DEMO]
A22: Warrant | B22: W1-W2 | C22: Initial Entry Rotary Wing (IERW) | D22: IERW | E22: Required for aviators | F22: WOFT selection | G22: 14–18 months | H22: Ft Rucker (Novosel) | I22: For 153A/153D WO aviators | J22: [DEMO]

Sheet ADMIN - MOS TRANSITIONS
A1: ⚠ ADMIN SHEET — MOS TRANSITION PATHWAYS | Verify line scores and waivers with G1/Retention before counseling
A2: From MOS | B2: To MOS | C2: To MOS Title | D2: Eligible Grades | E2: ASVAB Line Score Req | F2: MOSQ School | G2: School Duration | H2: Waiver Available | I2: Med / Phys Req | J2: Notes | K2: Difficulty | L2: DEMO FLAG
A3: 11B | B3: 19D | C3: Cavalry Scout | D3: E1-E6 | E3: CO:87 | F3: OSUT Ft Knox / ANCOC | G3: 14–22 wks | H3: Limited | I3: PULHES 111111 | J3: Lateral similar track | K3: Moderate | L3: [DEMO]
A4: 11B | B4: 12B | C4: Combat Engineer | D4: E1-E6 | E4: CO:87, GT:100 | F4: OSUT Ft Leonard Wood | G4: 14–18 wks | H4: Limited | I4: PULHES 111111 | J4: Popular reclass track | K4: Moderate | L4: [DEMO]
A5: 11B | B5: 25U | C5: Signal Support Spc | D5: E1-E6 | E5: EL:93, GT:100 | F5: AIT Ft Gordon | G5: 20 wks | H5: Yes | I5: Standard | J5: Good broadening option | K5: Moderate | L5: [DEMO]
A6: 11B | B6: 92Y | C6: Unit Supply Spc | D6: E1-E7 | E6: CL:90, OF:85 | F6: AIT Ft Lee | G6: 8 wks | H6: Yes | I6: Standard | J6: Common reclass for senior NCOs | K6: Easy | L6: [DEMO]
A7: 11B | B7: 42A | C7: HR Specialist | D7: E1-E6 | E7: CL:90, VE:72 | F7: AIT Ft Jackson | G7: 10 wks | H7: Yes | I7: Standard | J7: Good AGR pathway | K7: Easy | L7: [DEMO]
A8: 11B | B8: 68W | C8: Combat Medic | D8: E1-E5 | E8: ST:101, GT:107 | F8: AMEDD AIT + EMT-B | G8: 16 wks | H8: No | I8: PULHES 111111, color vision | J8: Physically demanding | K8: Hard | L8: [DEMO]
A9: 11B | B9: 79S | C9: Career Counselor | D9: E6-E8 | E9: GT:110 | F9: Recruiting & Ret School Ft Knox | G9: 4 wks | H9: Yes | I9: Standard | J9: E6 min; good senior career | K9: Moderate | L9: [DEMO]
A10: 92Y | B10: 88M | C10: Motor Transport Op | D10: E1-E6 | E10: OF:85 | F10: AIT Ft Lee | G10: 8 wks | H10: Yes | I10: Class B CDL req | J10: CDL may be waived | K10: Easy | L10: [DEMO]
A11: 92Y | B11: 42A | C11: HR Specialist | D11: E1-E6 | E11: CL:90, VE:72 | F11: AIT Ft Jackson | G11: 10 wks | H11: Yes | I11: Standard | J11: Related admin track | K11: Easy | L11: [DEMO]
A12: 92Y | B12: 92A | C12: Automated Logistical Spc | D12: E1-E6 | E12: CL:90, OF:85 | F12: AIT Ft Lee | G12: 10 wks | H12: Yes | I12: Standard | J12: Promotion pathway for 92Y | K12: Easy | L12: [DEMO]
A13: 68W | B13: 18D | C13: SF Medical SGT | D13: E6+ | E13: GT:110, ST:101 | F13: SFMS Ft Bragg | G13: 57 wks | H13: No | I13: PULHES 111111, Phase I physical | J13: Must volunteer; very selective | K13: Hard | L13: [DEMO]
... A20: 42A | B20: 36A | C20: Financial Manager (Officer) | D20: E4-E6 | E20: GT:110 | F20: OCS + BOLC FI | G20: 18 months | H20: Yes | I20: Standard | J20: Finance officer pathway | K20: Hard | L20: [DEMO]

Sheet ADMIN - PROMOTION TIMELINE
A1: ⚠ ADMIN SHEET — PROMOTION TIMELINE REFERENCE | Verify TIG/TIS against current ARNG selection board criteria
A2: Career Category | B2: Promote To | C2: Min TIG (months) | D2: Typical TIG (months) | E2: Min TIS (years) | F2: PME Required Before Board | G2: Board Type | H2: Promotion Rate (est) | I2: Notes | J2: DEMO FLAG
A3: Enlisted | B3: SGT (E5) | C3: 12 | D3: 24 | E3: 2 | F3: BLC enrolled or complete | G3: Unit | H3: ~85% | I3: SPC(P) required; most common bottleneck is BLC seat | J3: [DEMO]
A4: Enlisted | B4: SSG (E6) | C4: 18 | D4: 36 | E4: 5 | F4: BLC complete; ALC enrolled | G4: State/Unit | H4: ~40–55% | I4: Competitive; leadership position often required | J4: [DEMO]
A5: Enlisted | B5: SFC (E7) | C5: 18 | D5: 48 | E5: 8 | F5: ALC complete; SLC eligible | G5: DA Centralized | H5: ~25–35% | I5: Highly competitive; key developmental required | J5: [DEMO]
A6: Enlisted | B6: MSG (E8) | C6: 12 | D6: 60 | E6: 10 | F6: SLC complete | G6: DA Centralized | H6: ~15–20% | I6: Senior leader competition; limited MTARNG positions | J6: [DEMO]
A7: Enlisted | B7: SGM (E9) | C7: 12 | D7: 72 | E7: 12 | F7: SLC complete | G7: DA Centralized | H7: ~5–8% | I7: Limited; SMC for CSM path | J7: [DEMO]
A8: Enlisted | B8: 1SG (E8 variant) | C8: N/A | D8: N/A | E8: N/A | F8: SLC complete | G8: Command Designation | H8: N/A | I8: 1SG is a position, not a separate grade; still MSG | J8: [DEMO]
A9: Enlisted | B9: CSM (E9 variant) | C9: N/A | D9: N/A | E9: N/A | F9: SMC | G9: CSM Selection Board | H9: Very competitive | I9: CSM selection separate from SGM board | J9: [DEMO]
A10: Warrant | B10: CW2 | C10: 18 | D10: 24 | E10: 2 | F10: WOBC complete | G10: DA | H10: ~90% | I10: Nearly automatic with WOBC completion | J10: [DEMO]
A11: Warrant | B11: CW3 | C11: 24 | D11: 36 | E11: 5 | F11: WOAC complete | G11: DA | H11: ~70% | I11: WOAC completion key | J11: [DEMO]
A12: Warrant | B12: CW4 | C12: 24 | D12: 48 | E12: 8 | F12: WOILE complete | G12: DA | H12: ~50% | I12: Selective above CW3 | J12: [DEMO]
A13: Warrant | B13: CW5 | C13: 18 | D13: 72 | E13: 12 | F13: WOSSE complete | G13: DA | H13: ~15–20% | I13: Very limited; senior WO leadership | J13: [DEMO]
... A18: Officer | B18: COL (O6) | C18: 36 | D18: 120 | E18: 18 | F18: ILE; SSC preferred | G18: DA | H18: ~20–30% | I18: SSC near mandatory; very competitive | J18: [DEMO]

Sheet ADMIN - CONFIG
B2: ADMIN — TOOL CONFIGURATION SETTINGS
B4: Tool Name | C4: MT ARNG Career Planner | D4: Display name in counseling sheet header
B5: Tool Version | C5: 1.0 | D5: Update when reference data is refreshed
B6: Data As Of Date | C6: 2026-06-01 | D6: Date reference data was last validated
B7: Responsible Office | C7: MTARNG G1 / S1 Section | D7: Office responsible for maintaining this tool
B8: Contact Email | C8: g1@mt.ngb.army.mil | D8: Admin contact for tool questions
B9: State | C9: Montana
B11: SCORING WEIGHTS
B12: Grade Match Weight | C12: 35 | D12: Points available for grade match (0–35)
B13: MOS/AOC Match Weight | C13: 30 | D13: Points available for MOS match (0–30)
B14: Commute Match Weight | C14: 15 | D14: Points available for commute fit (0–15)
B15: Career Goal Weight | C15: 15 | D15: Points available for goal alignment (0–15)
B16: Status Pref Weight | C16: 5 | D16: Points available for status preference (0–5)
B18: MATCH LABELS
B19: Strong Match Threshold | C19: 80 | D19: Score >= this = STRONG MATCH
B20: Good Match Threshold | C20: 60 | D20: Score >= this = GOOD MATCH
B21: Moderate Match Threshold | C21: 40 | D21: Score >= this = MODERATE / STRETCH
B22: Possible Match Threshold | C22: 20 | D22: Score >= this = POSSIBLE — GAPS EXIST
B23: Below Threshold Label | C23: NOT RECOMMENDED NOW | D23: Score < Possible threshold
B25: COMMUTE CATEGORIES
B26: Short Commute Max (min) | C26: 30 | D26: Drive time <= this = Short
B27: Medium Commute Max (min) | C27: 90 | D27: Drive time <= this = Medium
B28: Long Commute Max (min) | C28: 150 | D28: Drive time <= this = Long
B29: Very Long Label | C29: Very Long / Consider Relocating

Sheet CALC ENGINE
A1: CALC ENGINE — Hidden sheet. Do not edit. Contains matching scores that feed POSITION MATCHES sheet.
A2: PosID | B2: Unit | C2: City | D2: Duty Title | E2: Grade | F2: Career Cat | G2: MOS | H2: PosType | I2: KD | J2: StatusType | K2: Vacancy | L2: ProjVac | M2: GradeScore | N2: MOSScore | O2: CommuteScore | P2: GoalScore | Q2: StatusScore | R2: TotalScore | S2: MatchLabel | T2: CommuteMins
A3: ='ADMIN - POSITIONS'!A3 | B3: ='ADMIN - POSITIONS'!B3 | C3: ='ADMIN - POSITIONS'!D3 | D3: ='ADMIN - POSITIONS'!E3 | E3: ='ADMIN - POSITIONS'!F3 | F3: ='ADMIN - POSITIONS'!G3 | G3: ='ADMIN - POSITIONS'!H3 | H3: ='ADMIN - POSITIONS'!J3 | I3: ='ADMIN - POSITIONS'!K3 | J3: ='ADMIN - POSITIONS'!L3 | K3: ='ADMIN - POSITIONS'!M3 | L3: ='ADMIN - POSITIONS'!N3 | M3: =IF(E3=""," ",IF(EXACT(E3,'MY PROFILE'!E6)=FALSE,0,IF(AND(EXACT(F3,'MY PROFILE'!E6),EXACT(E3,'MY PROFILE'!C25)),35,IF(AND(EXACT(F3,'MY PROFILE'!E6),EXACT(E3,'MY PROFILE'!C6)),25,10)))) | N3: =IF(G3="","",IF(EXACT(G3,'MY PROFILE'!C7),30,IF(EXACT('MY PROFILE'!G27,"Yes"),10,0))) | O3: =IF(T3=999,0,IF('MY PROFILE'!G10="No Limit",15,IF('MY PROFILE'!G10="30 Minutes",IF(T3<=30,15,IF(T3<=60,8,IF(T3<=90,3,0))),IF('MY PROFILE'!G10="1 Hour",IF(T3<=60,15,IF(T3<=90,8,IF(T3<=120,3,0))),IF('MY PROFILE'!G10="1.5 Hours",IF(T3<=90,15,IF(T3<=120,8,IF(T3<=150,3,0))),IF('MY PROFILE'!G10="2 Hours",IF(T3<=120,15,IF(T3<=150,8,IF(T3<=180,3,0))),IF('MY PROFILE'!G10="3 Hours",IF(T3<=180,15,IF(T3<=240,5,0)),15))))))) | P3: =IF(EXACT('MY PROFILE'!C26,"Pursue Command"),IF(EXACT(I3,"Yes"),15,5),IF(EXACT('MY PROFILE'!C26,"Promote to Next Grade"),IF(EXACT(H3,"Leadership"),12,IF(EXACT(H3,"Staff"),10,8)),IF(EXACT('MY PROFILE'!C26,"Move to Staff"),IF(EXACT(H3,"Staff"),15,IF(EXACT(H3,"Technical"),10,5)),IF(EXACT('MY PROFILE'!C26,"Pursue AGR Full-Time"),IF(EXACT(J3,"AGR"),15,IF(EXACT(J3,"M-Day"),5,10)),8)))) | Q3: =IF(EXACT('MY PROFILE'!G6,"M-Day"),IF(EXACT(J3,"M-Day"),5,IF(EXACT(J3,"AGR"),1,3)),IF(EXACT('MY PROFILE'!G6,"AGR"),IF(EXACT(J3,"AGR"),5,IF(EXACT(J3,"M-Day"),2,3)),3)) | R3: =IFERROR(M3+N3+O3+P3+Q3,0) | S3: =IF(R3>=80,"STRONG MATCH",IF(R3>=60,"GOOD MATCH",IF(R3>=40,"MODERATE / STRETCH",IF(R3>=20,"POSSIBLE — GAPS EXIST","NOT RECOMMENDED NOW")))) | T3: =IFERROR(SUMPRODUCT(($A$231:$A$313='MY PROFILE'!C10)*($B$231:$B$313=C3)*($C$231:$C$313)),999)
A4: ='ADMIN - POSITIONS'!A4 | B4: ='ADMIN - POSITIONS'!B4 | C4: ='ADMIN - POSITIONS'!D4 | D4: ='ADMIN - POSITIONS'!E4 | E4: ='ADMIN - POSITIONS'!F4 | F4: ='ADMIN - POSITIONS'!G4 | G4: ='ADMIN - POSITIONS'!H4 | H4: ='ADMIN - POSITIONS'!J4 | I4: ='ADMIN - POSITIONS'!K4 | J4: ='ADMIN - POSITIONS'!L4 | K4: ='ADMIN - POSITIONS'!M4 | L4: ='ADMIN - POSITIONS'!N4 | M4: =IF(E4=""," ",IF(EXACT(E4,'MY PROFILE'!E6)=FALSE,0,IF(AND(EXACT(F4,'MY PROFILE'!E6),EXACT(E4,'MY PROFILE'!C25)),35,IF(AND(EXACT(F4,'MY PROFILE'!E6),EXACT(E4,'MY PROFILE'!C6)),25,10)))) | N4: =IF(G4="","",IF(EXACT(G4,'MY PROFILE'!C7),30,IF(EXACT('MY PROFILE'!G27,"Yes"),10,0))) | O4: =IF(T4=999,0,IF('MY PROFILE'!G10="No Limit",15,IF('MY PROFILE'!G10="30 Minutes",IF(T4<=30,15,IF(T4<=60,8,IF(T4<=90,3,0))),IF('MY PROFILE'!G10="1 Hour",IF(T4<=60,15,IF(T4<=90,8,IF(T4<=120,3,0))),IF('MY PROFILE'!G10="1.5 Hours",IF(T4<=90,15,IF(T4<=120,8,IF(T4<=150,3,0))),IF('MY PROFILE'!G10="2 Hours",IF(T4<=120,15,IF(T4<=150,8,IF(T4<=180,3,0))),IF('MY PROFILE'!G10="3 Hours",IF(T4<=180,15,IF(T4<=240,5,0)),15))))))) | P4: =IF(EXACT('MY PROFILE'!C26,"Pursue Command"),IF(EXACT(I4,"Yes"),15,5),IF(EXACT('MY PROFILE'!C26,"Promote to Next Grade"),IF(EXACT(H4,"Leadership"),12,IF(EXACT(H4,"Staff"),10,8)),IF(EXACT('MY PROFILE'!C26,"Move to Staff"),IF(EXACT(H4,"Staff"),15,IF(EXACT(H4,"Technical"),10,5)),IF(EXACT('MY PROFILE'!C26,"Pursue AGR Full-Time"),IF(EXACT(J4,"AGR"),15,IF(EXACT(J4,"M-Day"),5,10)),8)))) | Q4: =IF(EXACT('MY PROFILE'!G6,"M-Day"),IF(EXACT(J4,"M-Day"),5,IF(EXACT(J4,"AGR"),1,3)),IF(EXACT('MY PROFILE'!G6,"AGR"),IF(EXACT(J4,"AGR"),5,IF(EXACT(J4,"M-Day"),2,3)),3)) | R4: =IFERROR(M4+N4+O4+P4+Q4,0) | S4: =IF(R4>=80,"STRONG MATCH",IF(R4>=60,"GOOD MATCH",IF(R4>=40,"MODERATE / STRETCH",IF(R4>=20,"POSSIBLE — GAPS EXIST","NOT RECOMMENDED NOW")))) | T4: =IFERROR(SUMPRODUCT(($A$231:$A$313='MY PROFILE'!C10)*($B$231:$B$313=C4)*($C$231:$C$313)),999)
A5: ='ADMIN - POSITIONS'!A5 | B5: ='ADMIN - POSITIONS'!B5 | C5: ='ADMIN - POSITIONS'!D5 | D5: ='ADMIN - POSITIONS'!E5 | E5: ='ADMIN - POSITIONS'!F5 | F5: ='ADMIN - POSITIONS'!G5 | G5: ='ADMIN - POSITIONS'!H5 | H5: ='ADMIN - POSITIONS'!J5 | I5: ='ADMIN - POSITIONS'!K5 | J5: ='ADMIN - POSITIONS'!L5 | K5: ='ADMIN - POSITIONS'!M5 | L5: ='ADMIN - POSITIONS'!N5 | M5: =IF(E5=""," ",IF(EXACT(E5,'MY PROFILE'!E6)=FALSE,0,IF(AND(EXACT(F5,'MY PROFILE'!E6),EXACT(E5,'MY PROFILE'!C25)),35,IF(AND(EXACT(F5,'MY PROFILE'!E6),EXACT(E5,'MY PROFILE'!C6)),25,10)))) | N5: =IF(G5="","",IF(EXACT(G5,'MY PROFILE'!C7),30,IF(EXACT('MY PROFILE'!G27,"Yes"),10,0))) | O5: =IF(T5=999,0,IF('MY PROFILE'!G10="No Limit",15,IF('MY PROFILE'!G10="30 Minutes",IF(T5<=30,15,IF(T5<=60,8,IF(T5<=90,3,0))),IF('MY PROFILE'!G10="1 Hour",IF(T5<=60,15,IF(T5<=90,8,IF(T5<=120,3,0))),IF('MY PROFILE'!G10="1.5 Hours",IF(T5<=90,15,IF(T5<=120,8,IF(T5<=150,3,0))),IF('MY PROFILE'!G10="2 Hours",IF(T5<=120,15,IF(T5<=150,8,IF(T5<=180,3,0))),IF('MY PROFILE'!G10="3 Hours",IF(T5<=180,15,IF(T5<=240,5,0)),15))))))) | P5: =IF(EXACT('MY PROFILE'!C26,"Pursue Command"),IF(EXACT(I5,"Yes"),15,5),IF(EXACT('MY PROFILE'!C26,"Promote to Next Grade"),IF(EXACT(H5,"Leadership"),12,IF(EXACT(H5,"Staff"),10,8)),IF(EXACT('MY PROFILE'!C26,"Move to Staff"),IF(EXACT(H5,"Staff"),15,IF(EXACT(H5,"Technical"),10,5)),IF(EXACT('MY PROFILE'!C26,"Pursue AGR Full-Time"),IF(EXACT(J5,"AGR"),15,IF(EXACT(J5,"M-Day"),5,10)),8)))) | Q5: =IF(EXACT('MY PROFILE'!G6,"M-Day"),IF(EXACT(J5,"M-Day"),5,IF(EXACT(J5,"AGR"),1,3)),IF(EXACT('MY PROFILE'!G6,"AGR"),IF(EXACT(J5,"AGR"),5,IF(EXACT(J5,"M-Day"),2,3)),3)) | R5: =IFERROR(M5+N5+O5+P5+Q5,0) | S5: =IF(R5>=80,"STRONG MATCH",IF(R5>=60,"GOOD MATCH",IF(R5>=40,"MODERATE / STRETCH",IF(R5>=20,"POSSIBLE — GAPS EXIST","NOT RECOMMENDED NOW")))) | T5: =IFERROR(SUMPRODUCT(($A$231:$A$313='MY PROFILE'!C10)*($B$231:$B$313=C5)*($C$231:$C$313)),999)
A6: ='ADMIN - POSITIONS'!A6 | B6: ='ADMIN - POSITIONS'!B6 | C6: ='ADMIN - POSITIONS'!D6 | D6: ='ADMIN - POSITIONS'!E6 | E6: ='ADMIN - POSITIONS'!F6 | F6: ='ADMIN - POSITIONS'!G6 | G6: ='ADMIN - POSITIONS'!H6 | H6: ='ADMIN - POSITIONS'!J6 | I6: ='ADMIN - POSITIONS'!K6 | J6: ='ADMIN - POSITIONS'!L6 | K6: ='ADMIN - POSITIONS'!M6 | L6: ='ADMIN - POSITIONS'!N6 | M6: =IF(E6=""," ",IF(EXACT(E6,'MY PROFILE'!E6)=FALSE,0,IF(AND(EXACT(F6,'MY PROFILE'!E6),EXACT(E6,'MY PROFILE'!C25)),35,IF(AND(EXACT(F6,'MY PROFILE'!E6),EXACT(E6,'MY PROFILE'!C6)),25,10)))) | N6: =IF(G6="","",IF(EXACT(G6,'MY PROFILE'!C7),30,IF(EXACT('MY PROFILE'!G27,"Yes"),10,0))) | O6: =IF(T6=999,0,IF('MY PROFILE'!G10="No Limit",15,IF('MY PROFILE'!G10="30 Minutes",IF(T6<=30,15,IF(T6<=60,8,IF(T6<=90,3,0))),IF('MY PROFILE'!G10="1 Hour",IF(T6<=60,15,IF(T6<=90,8,IF(T6<=120,3,0))),IF('MY PROFILE'!G10="1.5 Hours",IF(T6<=90,15,IF(T6<=120,8,IF(T6<=150,3,0))),IF('MY PROFILE'!G10="2 Hours",IF(T6<=120,15,IF(T6<=150,8,IF(T6<=180,3,0))),IF('MY PROFILE'!G10="3 Hours",IF(T6<=180,15,IF(T6<=240,5,0)),15))))))) | P6: =IF(EXACT('MY PROFILE'!C26,"Pursue Command"),IF(EXACT(I6,"Yes"),15,5),IF(EXACT('MY PROFILE'!C26,"Promote to Next Grade"),IF(EXACT(H6,"Leadership"),12,IF(EXACT(H6,"Staff"),10,8)),IF(EXACT('MY PROFILE'!C26,"Move to Staff"),IF(EXACT(H6,"Staff"),15,IF(EXACT(H6,"Technical"),10,5)),IF(EXACT('MY PROFILE'!C26,"Pursue AGR Full-Time"),IF(EXACT(J6,"AGR"),15,IF(EXACT(J6,"M-Day"),5,10)),8)))) | Q6: =IF(EXACT('MY PROFILE'!G6,"M-Day"),IF(EXACT(J6,"M-Day"),5,IF(EXACT(J6,"AGR"),1,3)),IF(EXACT('MY PROFILE'!G6,"AGR"),IF(EXACT(J6,"AGR"),5,IF(EXACT(J6,"M-Day"),2,3)),3)) | R6: =IFERROR(M6+N6+O6+P6+Q6,0) | S6: =IF(R6>=80,"STRONG MATCH",IF(R6>=60,"GOOD MATCH",IF(R6>=40,"MODERATE / STRETCH",IF(R6>=20,"POSSIBLE — GAPS EXIST","NOT RECOMMENDED NOW")))) | T6: =IFERROR(SUMPRODUCT(($A$231:$A$313='MY PROFILE'!C10)*($B$231:$B$313=C6)*($C$231:$C$313)),999)
A7: ='ADMIN - POSITIONS'!A7 | B7: ='ADMIN - POSITIONS'!B7 | C7: ='ADMIN - POSITIONS'!D7 | D7: ='ADMIN - POSITIONS'!E7 | E7: ='ADMIN - POSITIONS'!F7 | F7: ='ADMIN - POSITIONS'!G7 | G7: ='ADMIN - POSITIONS'!H7 | H7: ='ADMIN - POSITIONS'!J7 | I7: ='ADMIN - POSITIONS'!K7 | J7: ='ADMIN - POSITIONS'!L7 | K7: ='ADMIN - POSITIONS'!M7 | L7: ='ADMIN - POSITIONS'!N7 | M7: =IF(E7=""," ",IF(EXACT(E7,'MY PROFILE'!E6)=FALSE,0,IF(AND(EXACT(F7,'MY PROFILE'!E6),EXACT(E7,'MY PROFILE'!C25)),35,IF(AND(EXACT(F7,'MY PROFILE'!E6),EXACT(E7,'MY PROFILE'!C6)),25,10)))) | N7: =IF(G7="","",IF(EXACT(G7,'MY PROFILE'!C7),30,IF(EXACT('MY PROFILE'!G27,"Yes"),10,0))) | O7: =IF(T7=999,0,IF('MY PROFILE'!G10="No Limit",15,IF('MY PROFILE'!G10="30 Minutes",IF(T7<=30,15,IF(T7<=60,8,IF(T7<=90,3,0))),IF('MY PROFILE'!G10="1 Hour",IF(T7<=60,15,IF(T7<=90,8,IF(T7<=120,3,0))),IF('MY PROFILE'!G10="1.5 Hours",IF(T7<=90,15,IF(T7<=120,8,IF(T7<=150,3,0))),IF('MY PROFILE'!G10="2 Hours",IF(T7<=120,15,IF(T7<=150,8,IF(T7<=180,3,0))),IF('MY PROFILE'!G10="3 Hours",IF(T7<=180,15,IF(T7<=240,5,0)),15))))))) | P7: =IF(EXACT('MY PROFILE'!C26,"Pursue Command"),IF(EXACT(I7,"Yes"),15,5),IF(EXACT('MY PROFILE'!C26,"Promote to Next Grade"),IF(EXACT(H7,"Leadership"),12,IF(EXACT(H7,"Staff"),10,8)),IF(EXACT('MY PROFILE'!C26,"Move to Staff"),IF(EXACT(H7,"Staff"),15,IF(EXACT(H7,"Technical"),10,5)),IF(EXACT('MY PROFILE'!C26,"Pursue AGR Full-Time"),IF(EXACT(J7,"AGR"),15,IF(EXACT(J7,"M-Day"),5,10)),8)))) | Q7: =IF(EXACT('MY PROFILE'!G6,"M-Day"),IF(EXACT(J7,"M-Day"),5,IF(EXACT(J7,"AGR"),1,3)),IF(EXACT('MY PROFILE'!G6,"AGR"),IF(EXACT(J7,"AGR"),5,IF(EXACT(J7,"M-Day"),2,3)),3)) | R7: =IFERROR(M7+N7+O7+P7+Q7,0) | S7: =IF(R7>=80,"STRONG MATCH",IF(R7>=60,"GOOD MATCH",IF(R7>=40,"MODERATE / STRETCH",IF(R7>=20,"POSSIBLE — GAPS EXIST","NOT RECOMMENDED NOW")))) | T7: =IFERROR(SUMPRODUCT(($A$231:$A$313='MY PROFILE'!C10)*($B$231:$B$313=C7)*($C$231:$C$313)),999)
A8: ='ADMIN - POSITIONS'!A8 | B8: ='ADMIN - POSITIONS'!B8 | C8: ='ADMIN - POSITIONS'!D8 | D8: ='ADMIN - POSITIONS'!E8 | E8: ='ADMIN - POSITIONS'!F8 | F8: ='ADMIN - POSITIONS'!G8 | G8: ='ADMIN - POSITIONS'!H8 | H8: ='ADMIN - POSITIONS'!J8 | I8: ='ADMIN - POSITIONS'!K8 | J8: ='ADMIN - POSITIONS'!L8 | K8: ='ADMIN - POSITIONS'!M8 | L8: ='ADMIN - POSITIONS'!N8 | M8: =IF(E8=""," ",IF(EXACT(E8,'MY PROFILE'!E6)=FALSE,0,IF(AND(EXACT(F8,'MY PROFILE'!E6),EXACT(E8,'MY PROFILE'!C25)),35,IF(AND(EXACT(F8,'MY PROFILE'!E6),EXACT(E8,'MY PROFILE'!C6)),25,10)))) | N8: =IF(G8="","",IF(EXACT(G8,'MY PROFILE'!C7),30,IF(EXACT('MY PROFILE'!G27,"Yes"),10,0))) | O8: =IF(T8=999,0,IF('MY PROFILE'!G10="No Limit",15,IF('MY PROFILE'!G10="30 Minutes",IF(T8<=30,15,IF(T8<=60,8,IF(T8<=90,3,0))),IF('MY PROFILE'!G10="1 Hour",IF(T8<=60,15,IF(T8<=90,8,IF(T8<=120,3,0))),IF('MY PROFILE'!G10="1.5 Hours",IF(T8<=90,15,IF(T8<=120,8,IF(T8<=150,3,0))),IF('MY PROFILE'!G10="2 Hours",IF(T8<=120,15,IF(T8<=150,8,IF(T8<=180,3,0))),IF('MY PROFILE'!G10="3 Hours",IF(T8<=180,15,IF(T8<=240,5,0)),15))))))) | P8: =IF(EXACT('MY PROFILE'!C26,"Pursue Command"),IF(EXACT(I8,"Yes"),15,5),IF(EXACT('MY PROFILE'!C26,"Promote to Next Grade"),IF(EXACT(H8,"Leadership"),12,IF(EXACT(H8,"Staff"),10,8)),IF(EXACT('MY PROFILE'!C26,"Move to Staff"),IF(EXACT(H8,"Staff"),15,IF(EXACT(H8,"Technical"),10,5)),IF(EXACT('MY PROFILE'!C26,"Pursue AGR Full-Time"),IF(EXACT(J8,"AGR"),15,IF(EXACT(J8,"M-Day"),5,10)),8)))) | Q8: =IF(EXACT('MY PROFILE'!G6,"M-Day"),IF(EXACT(J8,"M-Day"),5,IF(EXACT(J8,"AGR"),1,3)),IF(EXACT('MY PROFILE'!G6,"AGR"),IF(EXACT(J8,"AGR"),5,IF(EXACT(J8,"M-Day"),2,3)),3)) | R8: =IFERROR(M8+N8+O8+P8+Q8,0) | S8: =IF(R8>=80,"STRONG MATCH",IF(R8>=60,"GOOD MATCH",IF(R8>=40,"MODERATE / STRETCH",IF(R8>=20,"POSSIBLE — GAPS EXIST","NOT RECOMMENDED NOW")))) | T8: =IFERROR(SUMPRODUCT(($A$231:$A$313='MY PROFILE'!C10)*($B$231:$B$313=C8)*($C$231:$C$313)),999)
A9: ='ADMIN - POSITIONS'!A9 | B9: ='ADMIN - POSITIONS'!B9 | C9: ='ADMIN - POSITIONS'!D9 | D9: ='ADMIN - POSITIONS'!E9 | E9: ='ADMIN - POSITIONS'!F9 | F9: ='ADMIN - POSITIONS'!G9 | G9: ='ADMIN - POSITIONS'!H9 | H9: ='ADMIN - POSITIONS'!J9 | I9: ='ADMIN - POSITIONS'!K9 | J9: ='ADMIN - POSITIONS'!L9 | K9: ='ADMIN - POSITIONS'!M9 | L9: ='ADMIN - POSITIONS'!N9 | M9: =IF(E9=""," ",IF(EXACT(E9,'MY PROFILE'!E6)=FALSE,0,IF(AND(EXACT(F9,'MY PROFILE'!E6),EXACT(E9,'MY PROFILE'!C25)),35,IF(AND(EXACT(F9,'MY PROFILE'!E6),EXACT(E9,'MY PROFILE'!C6)),25,10)))) | N9: =IF(G9="","",IF(EXACT(G9,'MY PROFILE'!C7),30,IF(EXACT('MY PROFILE'!G27,"Yes"),10,0))) | O9: =IF(T9=999,0,IF('MY PROFILE'!G10="No Limit",15,IF('MY PROFILE'!G10="30 Minutes",IF(T9<=30,15,IF(T9<=60,8,IF(T9<=90,3,0))),IF('MY PROFILE'!G10="1 Hour",IF(T9<=60,15,IF(T9<=90,8,IF(T9<=120,3,0))),IF('MY PROFILE'!G10="1.5 Hours",IF(T9<=90,15,IF(T9<=120,8,IF(T9<=150,3,0))),IF('MY PROFILE'!G10="2 Hours",IF(T9<=120,15,IF(T9<=150,8,IF(T9<=180,3,0))),IF('MY PROFILE'!G10="3 Hours",IF(T9<=180,15,IF(T9<=240,5,0)),15))))))) | P9: =IF(EXACT('MY PROFILE'!C26,"Pursue Command"),IF(EXACT(I9,"Yes"),15,5),IF(EXACT('MY PROFILE'!C26,"Promote to Next Grade"),IF(EXACT(H9,"Leadership"),12,IF(EXACT(H9,"Staff"),10,8)),IF(EXACT('MY PROFILE'!C26,"Move to Staff"),IF(EXACT(H9,"Staff"),15,IF(EXACT(H9,"Technical"),10,5)),IF(EXACT('MY PROFILE'!C26,"Pursue AGR Full-Time"),IF(EXACT(J9,"AGR"),15,IF(EXACT(J9,"M-Day"),5,10)),8)))) | Q9: =IF(EXACT('MY PROFILE'!G6,"M-Day"),IF(EXACT(J9,"M-Day"),5,IF(EXACT(J9,"AGR"),1,3)),IF(EXACT('MY PROFILE'!G6,"AGR"),IF(EXACT(J9,"AGR"),5,IF(EXACT(J9,"M-Day"),2,3)),3)) | R9: =IFERROR(M9+N9+O9+P9+Q9,0) | S9: =IF(R9>=80,"STRONG MATCH",IF(R9>=60,"GOOD MATCH",IF(R9>=40,"MODERATE / STRETCH",IF(R9>=20,"POSSIBLE — GAPS EXIST","NOT RECOMMENDED NOW")))) | T9: =IFERROR(SUMPRODUCT(($A$231:$A$313='MY PROFILE'!C10)*($B$231:$B$313=C9)*($C$231:$C$313)),999)
A10: ='ADMIN - POSITIONS'!A10 | B10: ='ADMIN - POSITIONS'!B10 | C10: ='ADMIN - POSITIONS'!D10 | D10: ='ADMIN - POSITIONS'!E10 | E10: ='ADMIN - POSITIONS'!F10 | F10: ='ADMIN - POSITIONS'!G10 | G10: ='ADMIN - POSITIONS'!H10 | H10: ='ADMIN - POSITIONS'!J10 | I10: ='ADMIN - POSITIONS'!K10 | J10: ='ADMIN - POSITIONS'!L10 | K10: ='ADMIN - POSITIONS'!M10 | L10: ='ADMIN - POSITIONS'!N10 | M10: =IF(E10=""," ",IF(EXACT(E10,'MY PROFILE'!E6)=FALSE,0,IF(AND(EXACT(F10,'MY PROFILE'!E6),EXACT(E10,'MY PROFILE'!C25)),35,IF(AND(EXACT(F10,'MY PROFILE'!E6),EXACT(E10,'MY PROFILE'!C6)),25,10)))) | N10: =IF(G10="","",IF(EXACT(G10,'MY PROFILE'!C7),30,IF(EXACT('MY PROFILE'!G27,"Yes"),10,0))) | O10: =IF(T10=999,0,IF('MY PROFILE'!G10="No Limit",15,IF('MY PROFILE'!G10="30 Minutes",IF(T10<=30,15,IF(T10<=60,8,IF(T10<=90,3,0))),IF('MY PROFILE'!G10="1 Hour",IF(T10<=60,15,IF(T10<=90,8,IF(T10<=120,3,0))),IF('MY PROFILE'!G10="1.5 Hours",IF(T10<=90,15,IF(T10<=120,8,IF(T10<=150,3,0))),IF('MY PROFILE'!G10="2 Hours",IF(T10<=120,15,IF(T10<=150,8,IF(T10<=180,3,0))),IF('MY PROFILE'!G10="3 Hours",IF(T10<=180,15,IF(T10<=240,5,0)),15))))))) | P10: =IF(EXACT('MY PROFILE'!C26,"Pursue Command"),IF(EXACT(I10,"Yes"),15,5),IF(EXACT('MY PROFILE'!C26,"Promote to Next Grade"),IF(EXACT(H10,"Leadership"),12,IF(EXACT(H10,"Staff"),10,8)),IF(EXACT('MY PROFILE'!C26,"Move to Staff"),IF(EXACT(H10,"Staff"),15,IF(EXACT(H10,"Technical"),10,5)),IF(EXACT('MY PROFILE'!C26,"Pursue AGR Full-Time"),IF(EXACT(J10,"AGR"),15,IF(EXACT(J10,"M-Day"),5,10)),8)))) | Q10: =IF(EXACT('MY PROFILE'!G6,"M-Day"),IF(EXACT(J10,"M-Day"),5,IF(EXACT(J10,"AGR"),1,3)),IF(EXACT('MY PROFILE'!G6,"AGR"),IF(EXACT(J10,"AGR"),5,IF(EXACT(J10,"M-Day"),2,3)),3)) | R10: =IFERROR(M10+N10+O10+P10+Q10,0) | S10: =IF(R10>=80,"STRONG MATCH",IF(R10>=60,"GOOD MATCH",IF(R10>=40,"MODERATE / STRETCH",IF(R10>=20,"POSSIBLE — GAPS EXIST","NOT RECOMMENDED NOW")))) | T10: =IFERROR(SUMPRODUCT(($A$231:$A$313='MY PROFILE'!C10)*($B$231:$B$313=C10)*($C$231:$C$313)),999)
A11: ='ADMIN - POSITIONS'!A11 | B11: ='ADMIN - POSITIONS'!B11 | C11: ='ADMIN - POSITIONS'!D11 | D11: ='ADMIN - POSITIONS'!E11 | E11: ='ADMIN - POSITIONS'!F11 | F11: ='ADMIN - POSITIONS'!G11 | G11: ='ADMIN - POSITIONS'!H11 | H11: ='ADMIN - POSITIONS'!J11 | I11: ='ADMIN - POSITIONS'!K11 | J11: ='ADMIN - POSITIONS'!L11 | K11: ='ADMIN - POSITIONS'!M11 | L11: ='ADMIN - POSITIONS'!N11 | M11: =IF(E11=""," ",IF(EXACT(E11,'MY PROFILE'!E6)=FALSE,0,IF(AND(EXACT(F11,'MY PROFILE'!E6),EXACT(E11,'MY PROFILE'!C25)),35,IF(AND(EXACT(F11,'MY PROFILE'!E6),EXACT(E11,'MY PROFILE'!C6)),25,10)))) | N11: =IF(G11="","",IF(EXACT(G11,'MY PROFILE'!C7),30,IF(EXACT('MY PROFILE'!G27,"Yes"),10,0))) | O11: =IF(T11=999,0,IF('MY PROFILE'!G10="No Limit",15,IF('MY PROFILE'!G10="30 Minutes",IF(T11<=30,15,IF(T11<=60,8,IF(T11<=90,3,0))),IF('MY PROFILE'!G10="1 Hour",IF(T11<=60,15,IF(T11<=90,8,IF(T11<=120,3,0))),IF('MY PROFILE'!G10="1.5 Hours",IF(T11<=90,15,IF(T11<=120,8,IF(T11<=150,3,0))),IF('MY PROFILE'!G10="2 Hours",IF(T11<=120,15,IF(T11<=150,8,IF(T11<=180,3,0))),IF('MY PROFILE'!G10="3 Hours",IF(T11<=180,15,IF(T11<=240,5,0)),15))))))) | P11: =IF(EXACT('MY PROFILE'!C26,"Pursue Command"),IF(EXACT(I11,"Yes"),15,5),IF(EXACT('MY PROFILE'!C26,"Promote to Next Grade"),IF(EXACT(H11,"Leadership"),12,IF(EXACT(H11,"Staff"),10,8)),IF(EXACT('MY PROFILE'!C26,"Move to Staff"),IF(EXACT(H11,"Staff"),15,IF(EXACT(H11,"Technical"),10,5)),IF(EXACT('MY PROFILE'!C26,"Pursue AGR Full-Time"),IF(EXACT(J11,"AGR"),15,IF(EXACT(J11,"M-Day"),5,10)),8)))) | Q11: =IF(EXACT('MY PROFILE'!G6,"M-Day"),IF(EXACT(J11,"M-Day"),5,IF(EXACT(J11,"AGR"),1,3)),IF(EXACT('MY PROFILE'!G6,"AGR"),IF(EXACT(J11,"AGR"),5,IF(EXACT(J11,"M-Day"),2,3)),3)) | R11: =IFERROR(M11+N11+O11+P11+Q11,0) | S11: =IF(R11>=80,"STRONG MATCH",IF(R11>=60,"GOOD MATCH",IF(R11>=40,"MODERATE / STRETCH",IF(R11>=20,"POSSIBLE — GAPS EXIST","NOT RECOMMENDED NOW")))) | T11: =IFERROR(SUMPRODUCT(($A$231:$A$313='MY PROFILE'!C10)*($B$231:$B$313=C11)*($C$231:$C$313)),999)
A12: ='ADMIN - POSITIONS'!A12 | B12: ='ADMIN - POSITIONS'!B12 | C12: ='ADMIN - POSITIONS'!D12 | D12: ='ADMIN - POSITIONS'!E12 | E12: ='ADMIN - POSITIONS'!F12 | F12: ='ADMIN - POSITIONS'!G12 | G12: ='ADMIN - POSITIONS'!H12 | H12: ='ADMIN - POSITIONS'!J12 | I12: ='ADMIN - POSITIONS'!K12 | J12: ='ADMIN - POSITIONS'!L12 | K12: ='ADMIN - POSITIONS'!M12 | L12: ='ADMIN - POSITIONS'!N12 | M12: =IF(E12=""," ",IF(EXACT(E12,'MY PROFILE'!E6)=FALSE,0,IF(AND(EXACT(F12,'MY PROFILE'!E6),EXACT(E12,'MY PROFILE'!C25)),35,IF(AND(EXACT(F12,'MY PROFILE'!E6),EXACT(E12,'MY PROFILE'!C6)),25,10)))) | N12: =IF(G12="","",IF(EXACT(G12,'MY PROFILE'!C7),30,IF(EXACT('MY PROFILE'!G27,"Yes"),10,0))) | O12: =IF(T12=999,0,IF('MY PROFILE'!G10="No Limit",15,IF('MY PROFILE'!G10="30 Minutes",IF(T12<=30,15,IF(T12<=60,8,IF(T12<=90,3,0))),IF('MY PROFILE'!G10="1 Hour",IF(T12<=60,15,IF(T12<=90,8,IF(T12<=120,3,0))),IF('MY PROFILE'!G10="1.5 Hours",IF(T12<=90,15,IF(T12<=120,8,IF(T12<=150,3,0))),IF('MY PROFILE'!G10="2 Hours",IF(T12<=120,15,IF(T12<=150,8,IF(T12<=180,3,0))),IF('MY PROFILE'!G10="3 Hours",IF(T12<=180,15,IF(T12<=240,5,0)),15))))))) | P12: =IF(EXACT('MY PROFILE'!C26,"Pursue Command"),IF(EXACT(I12,"Yes"),15,5),IF(EXACT('MY PROFILE'!C26,"Promote to Next Grade"),IF(EXACT(H12,"Leadership"),12,IF(EXACT(H12,"Staff"),10,8)),IF(EXACT('MY PROFILE'!C26,"Move to Staff"),IF(EXACT(H12,"Staff"),15,IF(EXACT(H12,"Technical"),10,5)),IF(EXACT('MY PROFILE'!C26,"Pursue AGR Full-Time"),IF(EXACT(J12,"AGR"),15,IF(EXACT(J12,"M-Day"),5,10)),8)))) | Q12: =IF(EXACT('MY PROFILE'!G6,"M-Day"),IF(EXACT(J12,"M-Day"),5,IF(EXACT(J12,"AGR"),1,3)),IF(EXACT('MY PROFILE'!G6,"AGR"),IF(EXACT(J12,"AGR"),5,IF(EXACT(J12,"M-Day"),2,3)),3)) | R12: =IFERROR(M12+N12+O12+P12+Q12,0) | S12: =IF(R12>=80,"STRONG MATCH",IF(R12>=60,"GOOD MATCH",IF(R12>=40,"MODERATE / STRETCH",IF(R12>=20,"POSSIBLE — GAPS EXIST","NOT RECOMMENDED NOW")))) | T12: =IFERROR(SUMPRODUCT(($A$231:$A$313='MY PROFILE'!C10)*($B$231:$B$313=C12)*($C$231:$C$313)),999)
A13: ='ADMIN - POSITIONS'!A13 | B13: ='ADMIN - POSITIONS'!B13 | C13: ='ADMIN - POSITIONS'!D13 | D13: ='ADMIN - POSITIONS'!E13 | E13: ='ADMIN - POSITIONS'!F13 | F13: ='ADMIN - POSITIONS'!G13 | G13: ='ADMIN - POSITIONS'!H13 | H13: ='ADMIN - POSITIONS'!J13 | I13: ='ADMIN - POSITIONS'!K13 | J13: ='ADMIN - POSITIONS'!L13 | K13: ='ADMIN - POSITIONS'!M13 | L13: ='ADMIN - POSITIONS'!N13 | M13: =IF(E13=""," ",IF(EXACT(E13,'MY PROFILE'!E6)=FALSE,0,IF(AND(EXACT(F13,'MY PROFILE'!E6),EXACT(E13,'MY PROFILE'!C25)),35,IF(AND(EXACT(F13,'MY PROFILE'!E6),EXACT(E13,'MY PROFILE'!C6)),25,10)))) | N13: =IF(G13="","",IF(EXACT(G13,'MY PROFILE'!C7),30,IF(EXACT('MY PROFILE'!G27,"Yes"),10,0))) | O13: =IF(T13=999,0,IF('MY PROFILE'!G10="No Limit",15,IF('MY PROFILE'!G10="30 Minutes",IF(T13<=30,15,IF(T13<=60,8,IF(T13<=90,3,0))),IF('MY PROFILE'!G10="1 Hour",IF(T13<=60,15,IF(T13<=90,8,IF(T13<=120,3,0))),IF('MY PROFILE'!G10="1.5 Hours",IF(T13<=90,15,IF(T13<=120,8,IF(T13<=150,3,0))),IF('MY PROFILE'!G10="2 Hours",IF(T13<=120,15,IF(T13<=150,8,IF(T13<=180,3,0))),IF('MY PROFILE'!G10="3 Hours",IF(T13<=180,15,IF(T13<=240,5,0)),15))))))) | P13: =IF(EXACT('MY PROFILE'!C26,"Pursue Command"),IF(EXACT(I13,"Yes"),15,5),IF(EXACT('MY PROFILE'!C26,"Promote to Next Grade"),IF(EXACT(H13,"Leadership"),12,IF(EXACT(H13,"Staff"),10,8)),IF(EXACT('MY PROFILE'!C26,"Move to Staff"),IF(EXACT(H13,"Staff"),15,IF(EXACT(H13,"Technical"),10,5)),IF(EXACT('MY PROFILE'!C26,"Pursue AGR Full-Time"),IF(EXACT(J13,"AGR"),15,IF(EXACT(J13,"M-Day"),5,10)),8)))) | Q13: =IF(EXACT('MY PROFILE'!G6,"M-Day"),IF(EXACT(J13,"M-Day"),5,IF(EXACT(J13,"AGR"),1,3)),IF(EXACT('MY PROFILE'!G6,"AGR"),IF(EXACT(J13,"AGR"),5,IF(EXACT(J13,"M-Day"),2,3)),3)) | R13: =IFERROR(M13+N13+O13+P13+Q13,0) | S13: =IF(R13>=80,"STRONG MATCH",IF(R13>=60,"GOOD MATCH",IF(R13>=40,"MODERATE / STRETCH",IF(R13>=20,"POSSIBLE — GAPS EXIST","NOT RECOMMENDED NOW")))) | T13: =IFERROR(SUMPRODUCT(($A$231:$A$313='MY PROFILE'!C10)*($B$231:$B$313=C13)*($C$231:$C$313)),999)
A14: ='ADMIN - POSITIONS'!A14 | B14: ='ADMIN - POSITIONS'!B14 | C14: ='ADMIN - POSITIONS'!D14 | D14: ='ADMIN - POSITIONS'!E14 | E14: ='ADMIN - POSITIONS'!F14 | F14: ='ADMIN - POSITIONS'!G14 | G14: ='ADMIN - POSITIONS'!H14 | H14: ='ADMIN - POSITIONS'!J14 | I14: ='ADMIN - POSITIONS'!K14 | J14: ='ADMIN - POSITIONS'!L14 | K14: ='ADMIN - POSITIONS'!M14 | L14: ='ADMIN - POSITIONS'!N14 | M14: =IF(E14=""," ",IF(EXACT(E14,'MY PROFILE'!E6)=FALSE,0,IF(AND(EXACT(F14,'MY PROFILE'!E6),EXACT(E14,'MY PROFILE'!C25)),35,IF(AND(EXACT(F14,'MY PROFILE'!E6),EXACT(E14,'MY PROFILE'!C6)),25,10)))) | N14: =IF(G14="","",IF(EXACT(G14,'MY PROFILE'!C7),30,IF(EXACT('MY PROFILE'!G27,"Yes"),10,0))) | O14: =IF(T14=999,0,IF('MY PROFILE'!G10="No Limit",15,IF('MY PROFILE'!G10="30 Minutes",IF(T14<=30,15,IF(T14<=60,8,IF(T14<=90,3,0))),IF('MY PROFILE'!G10="1 Hour",IF(T14<=60,15,IF(T14<=90,8,IF(T14<=120,3,0))),IF('MY PROFILE'!G10="1.5 Hours",IF(T14<=90,15,IF(T14<=120,8,IF(T14<=150,3,0))),IF('MY PROFILE'!G10="2 Hours",IF(T14<=120,15,IF(T14<=150,8,IF(T14<=180,3,0))),IF('MY PROFILE'!G10="3 Hours",IF(T14<=180,15,IF(T14<=240,5,0)),15))))))) | P14: =IF(EXACT('MY PROFILE'!C26,"Pursue Command"),IF(EXACT(I14,"Yes"),15,5),IF(EXACT('MY PROFILE'!C26,"Promote to Next Grade"),IF(EXACT(H14,"Leadership"),12,IF(EXACT(H14,"Staff"),10,8)),IF(EXACT('MY PROFILE'!C26,"Move to Staff"),IF(EXACT(H14,"Staff"),15,IF(EXACT(H14,"Technical"),10,5)),IF(EXACT('MY PROFILE'!C26,"Pursue AGR Full-Time"),IF(EXACT(J14,"AGR"),15,IF(EXACT(J14,"M-Day"),5,10)),8)))) | Q14: =IF(EXACT('MY PROFILE'!G6,"M-Day"),IF(EXACT(J14,"M-Day"),5,IF(EXACT(J14,"AGR"),1,3)),IF(EXACT('MY PROFILE'!G6,"AGR"),IF(EXACT(J14,"AGR"),5,IF(EXACT(J14,"M-Day"),2,3)),3)) | R14: =IFERROR(M14+N14+O14+P14+Q14,0) | S14: =IF(R14>=80,"STRONG MATCH",IF(R14>=60,"GOOD MATCH",IF(R14>=40,"MODERATE / STRETCH",IF(R14>=20,"POSSIBLE — GAPS EXIST","NOT RECOMMENDED NOW")))) | T14: =IFERROR(SUMPRODUCT(($A$231:$A$313='MY PROFILE'!C10)*($B$231:$B$313=C14)*($C$231:$C$313)),999)
A15: ='ADMIN - POSITIONS'!A15 | B15: ='ADMIN - POSITIONS'!B15 | C15: ='ADMIN - POSITIONS'!D15 | D15: ='ADMIN - POSITIONS'!E15 | E15: ='ADMIN - POSITIONS'!F15 | F15: ='ADMIN - POSITIONS'!G15 | G15: ='ADMIN - POSITIONS'!H15 | H15: ='ADMIN - POSITIONS'!J15 | I15: ='ADMIN - POSITIONS'!K15 | J15: ='ADMIN - POSITIONS'!L15 | K15: ='ADMIN - POSITIONS'!M15 | L15: ='ADMIN - POSITIONS'!N15 | M15: =IF(E15=""," ",IF(EXACT(E15,'MY PROFILE'!E6)=FALSE,0,IF(AND(EXACT(F15,'MY PROFILE'!E6),EXACT(E15,'MY PROFILE'!C25)),35,IF(AND(EXACT(F15,'MY PROFILE'!E6),EXACT(E15,'MY PROFILE'!C6)),25,10)))) | N15: =IF(G15="","",IF(EXACT(G15,'MY PROFILE'!C7),30,IF(EXACT('MY PROFILE'!G27,"Yes"),10,0))) | O15: =IF(T15=999,0,IF('MY PROFILE'!G10="No Limit",15,IF('MY PROFILE'!G10="30 Minutes",IF(T15<=30,15,IF(T15<=60,8,IF(T15<=90,3,0))),IF('MY PROFILE'!G10="1 Hour",IF(T15<=60,15,IF(T15<=90,8,IF(T15<=120,3,0))),IF('MY PROFILE'!G10="1.5 Hours",IF(T15<=90,15,IF(T15<=120,8,IF(T15<=150,3,0))),IF('MY PROFILE'!G10="2 Hours",IF(T15<=120,15,IF(T15<=150,8,IF(T15<=180,3,0))),IF('MY PROFILE'!G10="3 Hours",IF(T15<=180,15,IF(T15<=240,5,0)),15))))))) | P15: =IF(EXACT('MY PROFILE'!C26,"Pursue Command"),IF(EXACT(I15,"Yes"),15,5),IF(EXACT('MY PROFILE'!C26,"Promote to Next Grade"),IF(EXACT(H15,"Leadership"),12,IF(EXACT(H15,"Staff"),10,8)),IF(EXACT('MY PROFILE'!C26,"Move to Staff"),IF(EXACT(H15,"Staff"),15,IF(EXACT(H15,"Technical"),10,5)),IF(EXACT('MY PROFILE'!C26,"Pursue AGR Full-Time"),IF(EXACT(J15,"AGR"),15,IF(EXACT(J15,"M-Day"),5,10)),8)))) | Q15: =IF(EXACT('MY PROFILE'!G6,"M-Day"),IF(EXACT(J15,"M-Day"),5,IF(EXACT(J15,"AGR"),1,3)),IF(EXACT('MY PROFILE'!G6,"AGR"),IF(EXACT(J15,"AGR"),5,IF(EXACT(J15,"M-Day"),2,3)),3)) | R15: =IFERROR(M15+N15+O15+P15+Q15,0) | S15: =IF(R15>=80,"STRONG MATCH",IF(R15>=60,"GOOD MATCH",IF(R15>=40,"MODERATE / STRETCH",IF(R15>=20,"POSSIBLE — GAPS EXIST","NOT RECOMMENDED NOW")))) | T15: =IFERROR(SUMPRODUCT(($A$231:$A$313='MY PROFILE'!C10)*($B$231:$B$313=C15)*($C$231:$C$313)),999)
A16: ='ADMIN - POSITIONS'!A16 | B16: ='ADMIN - POSITIONS'!B16 | C16: ='ADMIN - POSITIONS'!D16 | D16: ='ADMIN - POSITIONS'!E16 | E16: ='ADMIN - POSITIONS'!F16 | F16: ='ADMIN - POSITIONS'!G16 | G16: ='ADMIN - POSITIONS'!H16 | H16: ='ADMIN - POSITIONS'!J16 | I16: ='ADMIN - POSITIONS'!K16 | J16: ='ADMIN - POSITIONS'!L16 | K16: ='ADMIN - POSITIONS'!M16 | L16: ='ADMIN - POSITIONS'!N16 | M16: =IF(E16=""," ",IF(EXACT(E16,'MY PROFILE'!E6)=FALSE,0,IF(AND(EXACT(F16,'MY PROFILE'!E6),EXACT(E16,'MY PROFILE'!C25)),35,IF(AND(EXACT(F16,'MY PROFILE'!E6),EXACT(E16,'MY PROFILE'!C6)),25,10)))) | N16: =IF(G16="","",IF(EXACT(G16,'MY PROFILE'!C7),30,IF(EXACT('MY PROFILE'!G27,"Yes"),10,0))) | O16: =IF(T16=999,0,IF('MY PROFILE'!G10="No Limit",15,IF('MY PROFILE'!G10="30 Minutes",IF(T16<=30,15,IF(T16<=60,8,IF(T16<=90,3,0))),IF('MY PROFILE'!G10="1 Hour",IF(T16<=60,15,IF(T16<=90,8,IF(T16<=120,3,0))),IF('MY PROFILE'!G10="1.5 Hours",IF(T16<=90,15,IF(T16<=120,8,IF(T16<=150,3,0))),IF('MY PROFILE'!G10="2 Hours",IF(T16<=120,15,IF(T16<=150,8,IF(T16<=180,3,0))),IF('MY PROFILE'!G10="3 Hours",IF(T16<=180,15,IF(T16<=240,5,0)),15))))))) | P16: =IF(EXACT('MY PROFILE'!C26,"Pursue Command"),IF(EXACT(I16,"Yes"),15,5),IF(EXACT('MY PROFILE'!C26,"Promote to Next Grade"),IF(EXACT(H16,"Leadership"),12,IF(EXACT(H16,"Staff"),10,8)),IF(EXACT('MY PROFILE'!C26,"Move to Staff"),IF(EXACT(H16,"Staff"),15,IF(EXACT(H16,"Technical"),10,5)),IF(EXACT('MY PROFILE'!C26,"Pursue AGR Full-Time"),IF(EXACT(J16,"AGR"),15,IF(EXACT(J16,"M-Day"),5,10)),8)))) | Q16: =IF(EXACT('MY PROFILE'!G6,"M-Day"),IF(EXACT(J16,"M-Day"),5,IF(EXACT(J16,"AGR"),1,3)),IF(EXACT('MY PROFILE'!G6,"AGR"),IF(EXACT(J16,"AGR"),5,IF(EXACT(J16,"M-Day"),2,3)),3)) | R16: =IFERROR(M16+N16+O16+P16+Q16,0) | S16: =IF(R16>=80,"STRONG MATCH",IF(R16>=60,"GOOD MATCH",IF(R16>=40,"MODERATE / STRETCH",IF(R16>=20,"POSSIBLE — GAPS EXIST","NOT RECOMMENDED NOW")))) | T16: =IFERROR(SUMPRODUCT(($A$231:$A$313='MY PROFILE'!C10)*($B$231:$B$313=C16)*($C$231:$C$313)),999)
A17: ='ADMIN - POSITIONS'!A17 | B17: ='ADMIN - POSITIONS'!B17 | C17: ='ADMIN - POSITIONS'!D17 | D17: ='ADMIN - POSITIONS'!E17 | E17: ='ADMIN - POSITIONS'!F17 | F17: ='ADMIN - POSITIONS'!G17 | G17: ='ADMIN - POSITIONS'!H17 | H17: ='ADMIN - POSITIONS'!J17 | I17: ='ADMIN - POSITIONS'!K17 | J17: ='ADMIN - POSITIONS'!L17 | K17: ='ADMIN - POSITIONS'!M17 | L17: ='ADMIN - POSITIONS'!N17 | M17: =IF(E17=""," ",IF(EXACT(E17,'MY PROFILE'!E6)=FALSE,0,IF(AND(EXACT(F17,'MY PROFILE'!E6),EXACT(E17,'MY PROFILE'!C25)),35,IF(AND(EXACT(F17,'MY PROFILE'!E6),EXACT(E17,'MY PROFILE'!C6)),25,10)))) | N17: =IF(G17="","",IF(EXACT(G17,'MY PROFILE'!C7),30,IF(EXACT('MY PROFILE'!G27,"Yes"),10,0))) | O17: =IF(T17=999,0,IF('MY PROFILE'!G10="No Limit",15,IF('MY PROFILE'!G10="30 Minutes",IF(T17<=30,15,IF(T17<=60,8,IF(T17<=90,3,0))),IF('MY PROFILE'!G10="1 Hour",IF(T17<=60,15,IF(T17<=90,8,IF(T17<=120,3,0))),IF('MY PROFILE'!G10="1.5 Hours",IF(T17<=90,15,IF(T17<=120,8,IF(T17<=150,3,0))),IF('MY PROFILE'!G10="2 Hours",IF(T17<=120,15,IF(T17<=150,8,IF(T17<=180,3,0))),IF('MY PROFILE'!G10="3 Hours",IF(T17<=180,15,IF(T17<=240,5,0)),15))))))) | P17: =IF(EXACT('MY PROFILE'!C26,"Pursue Command"),IF(EXACT(I17,"Yes"),15,5),IF(EXACT('MY PROFILE'!C26,"Promote to Next Grade"),IF(EXACT(H17,"Leadership"),12,IF(EXACT(H17,"Staff"),10,8)),IF(EXACT('MY PROFILE'!C26,"Move to Staff"),IF(EXACT(H17,"Staff"),15,IF(EXACT(H17,"Technical"),10,5)),IF(EXACT('MY PROFILE'!C26,"Pursue AGR Full-Time"),IF(EXACT(J17,"AGR"),15,IF(EXACT(J17,"M-Day"),5,10)),8)))) | Q17: =IF(EXACT('MY PROFILE'!G6,"M-Day"),IF(EXACT(J17,"M-Day"),5,IF(EXACT(J17,"AGR"),1,3)),IF(EXACT('MY PROFILE'!G6,"AGR"),IF(EXACT(J17,"AGR"),5,IF(EXACT(J17,"M-Day"),2,3)),3)) | R17: =IFERROR(M17+N17+O17+P17+Q17,0) | S17: =IF(R17>=80,"STRONG MATCH",IF(R17>=60,"GOOD MATCH",IF(R17>=40,"MODERATE / STRETCH",IF(R17>=20,"POSSIBLE — GAPS EXIST","NOT RECOMMENDED NOW")))) | T17: =IFERROR(SUMPRODUCT(($A$231:$A$313='MY PROFILE'!C10)*($B$231:$B$313=C17)*($C$231:$C$313)),999)
A18: ='ADMIN - POSITIONS'!A18 | B18: ='ADMIN - POSITIONS'!B18 | C18: ='ADMIN - POSITIONS'!D18 | D18: ='ADMIN - POSITIONS'!E18 | E18: ='ADMIN - POSITIONS'!F18 | F18: ='ADMIN - POSITIONS'!G18 | G18: ='ADMIN - POSITIONS'!H18 | H18: ='ADMIN - POSITIONS'!J18 | I18: ='ADMIN - POSITIONS'!K18 | J18: ='ADMIN - POSITIONS'!L18 | K18: ='ADMIN - POSITIONS'!M18 | L18: ='ADMIN - POSITIONS'!N18 | M18: =IF(E18=""," ",IF(EXACT(E18,'MY PROFILE'!E6)=FALSE,0,IF(AND(EXACT(F18,'MY PROFILE'!E6),EXACT(E18,'MY PROFILE'!C25)),35,IF(AND(EXACT(F18,'MY PROFILE'!E6),EXACT(E18,'MY PROFILE'!C6)),25,10)))) | N18: =IF(G18="","",IF(EXACT(G18,'MY PROFILE'!C7),30,IF(EXACT('MY PROFILE'!G27,"Yes"),10,0))) | O18: =IF(T18=999,0,IF('MY PROFILE'!G10="No Limit",15,IF('MY PROFILE'!G10="30 Minutes",IF(T18<=30,15,IF(T18<=60,8,IF(T18<=90,3,0))),IF('MY PROFILE'!G10="1 Hour",IF(T18<=60,15,IF(T18<=90,8,IF(T18<=120,3,0))),IF('MY PROFILE'!G10="1.5 Hours",IF(T18<=90,15,IF(T18<=120,8,IF(T18<=150,3,0))),IF('MY PROFILE'!G10="2 Hours",IF(T18<=120,15,IF(T18<=150,8,IF(T18<=180,3,0))),IF('MY PROFILE'!G10="3 Hours",IF(T18<=180,15,IF(T18<=240,5,0)),15))))))) | P18: =IF(EXACT('MY PROFILE'!C26,"Pursue Command"),IF(EXACT(I18,"Yes"),15,5),IF(EXACT('MY PROFILE'!C26,"Promote to Next Grade"),IF(EXACT(H18,"Leadership"),12,IF(EXACT(H18,"Staff"),10,8)),IF(EXACT('MY PROFILE'!C26,"Move to Staff"),IF(EXACT(H18,"Staff"),15,IF(EXACT(H18,"Technical"),10,5)),IF(EXACT('MY PROFILE'!C26,"Pursue AGR Full-Time"),IF(EXACT(J18,"AGR"),15,IF(EXACT(J18,"M-Day"),5,10)),8)))) | Q18: =IF(EXACT('MY PROFILE'!G6,"M-Day"),IF(EXACT(J18,"M-Day"),5,IF(EXACT(J18,"AGR"),1,3)),IF(EXACT('MY PROFILE'!G6,"AGR"),IF(EXACT(J18,"AGR"),5,IF(EXACT(J18,"M-Day"),2,3)),3)) | R18: =IFERROR(M18+N18+O18+P18+Q18,0) | S18: =IF(R18>=80,"STRONG MATCH",IF(R18>=60,"GOOD MATCH",IF(R18>=40,"MODERATE / STRETCH",IF(R18>=20,"POSSIBLE — GAPS EXIST","NOT RECOMMENDED NOW")))) | T18: =IFERROR(SUMPRODUCT(($A$231:$A$313='MY PROFILE'!C10)*($B$231:$B$313=C18)*($C$231:$C$313)),999)
A19: ='ADMIN - POSITIONS'!A19 | B19: ='ADMIN - POSITIONS'!B19 | C19: ='ADMIN - POSITIONS'!D19 | D19: ='ADMIN - POSITIONS'!E19 | E19: ='ADMIN - POSITIONS'!F19 | F19: ='ADMIN - POSITIONS'!G19 | G19: ='ADMIN - POSITIONS'!H19 | H19: ='ADMIN - POSITIONS'!J19 | I19: ='ADMIN - POSITIONS'!K19 | J19: ='ADMIN - POSITIONS'!L19 | K19: ='ADMIN - POSITIONS'!M19 | L19: ='ADMIN - POSITIONS'!N19 | M19: =IF(E19=""," ",IF(EXACT(E19,'MY PROFILE'!E6)=FALSE,0,IF(AND(EXACT(F19,'MY PROFILE'!E6),EXACT(E19,'MY PROFILE'!C25)),35,IF(AND(EXACT(F19,'MY PROFILE'!E6),EXACT(E19,'MY PROFILE'!C6)),25,10)))) | N19: =IF(G19="","",IF(EXACT(G19,'MY PROFILE'!C7),30,IF(EXACT('MY PROFILE'!G27,"Yes"),10,0))) | O19: =IF(T19=999,0,IF('MY PROFILE'!G10="No Limit",15,IF('MY PROFILE'!G10="30 Minutes",IF(T19<=30,15,IF(T19<=60,8,IF(T19<=90,3,0))),IF('MY PROFILE'!G10="1 Hour",IF(T19<=60,15,IF(T19<=90,8,IF(T19<=120,3,0))),IF('MY PROFILE'!G10="1.5 Hours",IF(T19<=90,15,IF(T19<=120,8,IF(T19<=150,3,0))),IF('MY PROFILE'!G10="2 Hours",IF(T19<=120,15,IF(T19<=150,8,IF(T19<=180,3,0))),IF('MY PROFILE'!G10="3 Hours",IF(T19<=180,15,IF(T19<=240,5,0)),15))))))) | P19: =IF(EXACT('MY PROFILE'!C26,"Pursue Command"),IF(EXACT(I19,"Yes"),15,5),IF(EXACT('MY PROFILE'!C26,"Promote to Next Grade"),IF(EXACT(H19,"Leadership"),12,IF(EXACT(H19,"Staff"),10,8)),IF(EXACT('MY PROFILE'!C26,"Move to Staff"),IF(EXACT(H19,"Staff"),15,IF(EXACT(H19,"Technical"),10,5)),IF(EXACT('MY PROFILE'!C26,"Pursue AGR Full-Time"),IF(EXACT(J19,"AGR"),15,IF(EXACT(J19,"M-Day"),5,10)),8)))) | Q19: =IF(EXACT('MY PROFILE'!G6,"M-Day"),IF(EXACT(J19,"M-Day"),5,IF(EXACT(J19,"AGR"),1,3)),IF(EXACT('MY PROFILE'!G6,"AGR"),IF(EXACT(J19,"AGR"),5,IF(EXACT(J19,"M-Day"),2,3)),3)) | R19: =IFERROR(M19+N19+O19+P19+Q19,0) | S19: =IF(R19>=80,"STRONG MATCH",IF(R19>=60,"GOOD MATCH",IF(R19>=40,"MODERATE / STRETCH",IF(R19>=20,"POSSIBLE — GAPS EXIST","NOT RECOMMENDED NOW")))) | T19: =IFERROR(SUMPRODUCT(($A$231:$A$313='MY PROFILE'!C10)*($B$231:$B$313=C19)*($C$231:$C$313)),999)
A20: ='ADMIN - POSITIONS'!A20 | B20: ='ADMIN - POSITIONS'!B20 | C20: ='ADMIN - POSITIONS'!D20 | D20: ='ADMIN - POSITIONS'!E20 | E20: ='ADMIN - POSITIONS'!F20 | F20: ='ADMIN - POSITIONS'!G20 | G20: ='ADMIN - POSITIONS'!H20 | H20: ='ADMIN - POSITIONS'!J20 | I20: ='ADMIN - POSITIONS'!K20 | J20: ='ADMIN - POSITIONS'!L20 | K20: ='ADMIN - POSITIONS'!M20 | L20: ='ADMIN - POSITIONS'!N20 | M20: =IF(E20=""," ",IF(EXACT(E20,'MY PROFILE'!E6)=FALSE,0,IF(AND(EXACT(F20,'MY PROFILE'!E6),EXACT(E20,'MY PROFILE'!C25)),35,IF(AND(EXACT(F20,'MY PROFILE'!E6),EXACT(E20,'MY PROFILE'!C6)),25,10)))) | N20: =IF(G20="","",IF(EXACT(G20,'MY PROFILE'!C7),30,IF(EXACT('MY PROFILE'!G27,"Yes"),10,0))) | O20: =IF(T20=999,0,IF('MY PROFILE'!G10="No Limit",15,IF('MY PROFILE'!G10="30 Minutes",IF(T20<=30,15,IF(T20<=60,8,IF(T20<=90,3,0))),IF('MY PROFILE'!G10="1 Hour",IF(T20<=60,15,IF(T20<=90,8,IF(T20<=120,3,0))),IF('MY PROFILE'!G10="1.5 Hours",IF(T20<=90,15,IF(T20<=120,8,IF(T20<=150,3,0))),IF('MY PROFILE'!G10="2 Hours",IF(T20<=120,15,IF(T20<=150,8,IF(T20<=180,3,0))),IF('MY PROFILE'!G10="3 Hours",IF(T20<=180,15,IF(T20<=240,5,0)),15))))))) | P20: =IF(EXACT('MY PROFILE'!C26,"Pursue Command"),IF(EXACT(I20,"Yes"),15,5),IF(EXACT('MY PROFILE'!C26,"Promote to Next Grade"),IF(EXACT(H20,"Leadership"),12,IF(EXACT(H20,"Staff"),10,8)),IF(EXACT('MY PROFILE'!C26,"Move to Staff"),IF(EXACT(H20,"Staff"),15,IF(EXACT(H20,"Technical"),10,5)),IF(EXACT('MY PROFILE'!C26,"Pursue AGR Full-Time"),IF(EXACT(J20,"AGR"),15,IF(EXACT(J20,"M-Day"),5,10)),8)))) | Q20: =IF(EXACT('MY PROFILE'!G6,"M-Day"),IF(EXACT(J20,"M-Day"),5,IF(EXACT(J20,"AGR"),1,3)),IF(EXACT('MY PROFILE'!G6,"AGR"),IF(EXACT(J20,"AGR"),5,IF(EXACT(J20,"M-Day"),2,3)),3)) | R20: =IFERROR(M20+N20+O20+P20+Q20,0) | S20: =IF(R20>=80,"STRONG MATCH",IF(R20>=60,"GOOD MATCH",IF(R20>=40,"MODERATE / STRETCH",IF(R20>=20,"POSSIBLE — GAPS EXIST","NOT RECOMMENDED NOW")))) | T20: =IFERROR(SUMPRODUCT(($A$231:$A$313='MY PROFILE'!C10)*($B$231:$B$313=C20)*($C$231:$C$313)),999)
A21: ='ADMIN - POSITIONS'!A21 | B21: ='ADMIN - POSITIONS'!B21 | C21: ='ADMIN - POSITIONS'!D21 | D21: ='ADMIN - POSITIONS'!E21 | E21: ='ADMIN - POSITIONS'!F21 | F21: ='ADMIN - POSITIONS'!G21 | G21: ='ADMIN - POSITIONS'!H21 | H21: ='ADMIN - POSITIONS'!J21 | I21: ='ADMIN - POSITIONS'!K21 | J21: ='ADMIN - POSITIONS'!L21 | K21: ='ADMIN - POSITIONS'!M21 | L21: ='ADMIN - POSITIONS'!N21 | M21: =IF(E21=""," ",IF(EXACT(E21,'MY PROFILE'!E6)=FALSE,0,IF(AND(EXACT(F21,'MY PROFILE'!E6),EXACT(E21,'MY PROFILE'!C25)),35,IF(AND(EXACT(F21,'MY PROFILE'!E6),EXACT(E21,'MY PROFILE'!C6)),25,10)))) | N21: =IF(G21="","",IF(EXACT(G21,'MY PROFILE'!C7),30,IF(EXACT('MY PROFILE'!G27,"Yes"),10,0))) | O21: =IF(T21=999,0,IF('MY PROFILE'!G10="No Limit",15,IF('MY PROFILE'!G10="30 Minutes",IF(T21<=30,15,IF(T21<=60,8,IF(T21<=90,3,0))),IF('MY PROFILE'!G10="1 Hour",IF(T21<=60,15,IF(T21<=90,8,IF(T21<=120,3,0))),IF('MY PROFILE'!G10="1.5 Hours",IF(T21<=90,15,IF(T21<=120,8,IF(T21<=150,3,0))),IF('MY PROFILE'!G10="2 Hours",IF(T21<=120,15,IF(T21<=150,8,IF(T21<=180,3,0))),IF('MY PROFILE'!G10="3 Hours",IF(T21<=180,15,IF(T21<=240,5,0)),15))))))) | P21: =IF(EXACT('MY PROFILE'!C26,"Pursue Command"),IF(EXACT(I21,"Yes"),15,5),IF(EXACT('MY PROFILE'!C26,"Promote to Next Grade"),IF(EXACT(H21,"Leadership"),12,IF(EXACT(H21,"Staff"),10,8)),IF(EXACT('MY PROFILE'!C26,"Move to Staff"),IF(EXACT(H21,"Staff"),15,IF(EXACT(H21,"Technical"),10,5)),IF(EXACT('MY PROFILE'!C26,"Pursue AGR Full-Time"),IF(EXACT(J21,"AGR"),15,IF(EXACT(J21,"M-Day"),5,10)),8)))) | Q21: =IF(EXACT('MY PROFILE'!G6,"M-Day"),IF(EXACT(J21,"M-Day"),5,IF(EXACT(J21,"AGR"),1,3)),IF(EXACT('MY PROFILE'!G6,"AGR"),IF(EXACT(J21,"AGR"),5,IF(EXACT(J21,"M-Day"),2,3)),3)) | R21: =IFERROR(M21+N21+O21+P21+Q21,0) | S21: =IF(R21>=80,"STRONG MATCH",IF(R21>=60,"GOOD MATCH",IF(R21>=40,"MODERATE / STRETCH",IF(R21>=20,"POSSIBLE — GAPS EXIST","NOT RECOMMENDED NOW")))) | T21: =IFERROR(SUMPRODUCT(($A$231:$A$313='MY PROFILE'!C10)*($B$231:$B$313=C21)*($C$231:$C$313)),999)
A22: ='ADMIN - POSITIONS'!A22 | B22: ='ADMIN - POSITIONS'!B22 | C22: ='ADMIN - POSITIONS'!D22 | D22: ='ADMIN - POSITIONS'!E22 | E22: ='ADMIN - POSITIONS'!F22 | F22: ='ADMIN - POSITIONS'!G22 | G22: ='ADMIN - POSITIONS'!H22 | H22: ='ADMIN - POSITIONS'!J22 | I22: ='ADMIN - POSITIONS'!K22 | J22: ='ADMIN - POSITIONS'!L22 | K22: ='ADMIN - POSITIONS'!M22 | L22: ='ADMIN - POSITIONS'!N22 | M22: =IF(E22=""," ",IF(EXACT(E22,'MY PROFILE'!E6)=FALSE,0,IF(AND(EXACT(F22,'MY PROFILE'!E6),EXACT(E22,'MY PROFILE'!C25)),35,IF(AND(EXACT(F22,'MY PROFILE'!E6),EXACT(E22,'MY PROFILE'!C6)),25,10)))) | N22: =IF(G22="","",IF(EXACT(G22,'MY PROFILE'!C7),30,IF(EXACT('MY PROFILE'!G27,"Yes"),10,0))) | O22: =IF(T22=999,0,IF('MY PROFILE'!G10="No Limit",15,IF('MY PROFILE'!G10="30 Minutes",IF(T22<=30,15,IF(T22<=60,8,IF(T22<=90,3,0))),IF('MY PROFILE'!G10="1 Hour",IF(T22<=60,15,IF(T22<=90,8,IF(T22<=120,3,0))),IF('MY PROFILE'!G10="1.5 Hours",IF(T22<=90,15,IF(T22<=120,8,IF(T22<=150,3,0))),IF('MY PROFILE'!G10="2 Hours",IF(T22<=120,15,IF(T22<=150,8,IF(T22<=180,3,0))),IF('MY PROFILE'!G10="3 Hours",IF(T22<=180,15,IF(T22<=240,5,0)),15))))))) | P22: =IF(EXACT('MY PROFILE'!C26,"Pursue Command"),IF(EXACT(I22,"Yes"),15,5),IF(EXACT('MY PROFILE'!C26,"Promote to Next Grade"),IF(EXACT(H22,"Leadership"),12,IF(EXACT(H22,"Staff"),10,8)),IF(EXACT('MY PROFILE'!C26,"Move to Staff"),IF(EXACT(H22,"Staff"),15,IF(EXACT(H22,"Technical"),10,5)),IF(EXACT('MY PROFILE'!C26,"Pursue AGR Full-Time"),IF(EXACT(J22,"AGR"),15,IF(EXACT(J22,"M-Day"),5,10)),8)))) | Q22: =IF(EXACT('MY PROFILE'!G6,"M-Day"),IF(EXACT(J22,"M-Day"),5,IF(EXACT(J22,"AGR"),1,3)),IF(EXACT('MY PROFILE'!G6,"AGR"),IF(EXACT(J22,"AGR"),5,IF(EXACT(J22,"M-Day"),2,3)),3)) | R22: =IFERROR(M22+N22+O22+P22+Q22,0) | S22: =IF(R22>=80,"STRONG MATCH",IF(R22>=60,"GOOD MATCH",IF(R22>=40,"MODERATE / STRETCH",IF(R22>=20,"POSSIBLE — GAPS EXIST","NOT RECOMMENDED NOW")))) | T22: =IFERROR(SUMPRODUCT(($A$231:$A$313='MY PROFILE'!C10)*($B$231:$B$313=C22)*($C$231:$C$313)),999)
A23: ='ADMIN - POSITIONS'!A23 | B23: ='ADMIN - POSITIONS'!B23 | C23: ='ADMIN - POSITIONS'!D23 | D23: ='ADMIN - POSITIONS'!E23 | E23: ='ADMIN - POSITIONS'!F23 | F23: ='ADMIN - POSITIONS'!G23 | G23: ='ADMIN - POSITIONS'!H23 | H23: ='ADMIN - POSITIONS'!J23 | I23: ='ADMIN - POSITIONS'!K23 | J23: ='ADMIN - POSITIONS'!L23 | K23: ='ADMIN - POSITIONS'!M23 | L23: ='ADMIN - POSITIONS'!N23 | M23: =IF(E23=""," ",IF(EXACT(E23,'MY PROFILE'!E6)=FALSE,0,IF(AND(EXACT(F23,'MY PROFILE'!E6),EXACT(E23,'MY PROFILE'!C25)),35,IF(AND(EXACT(F23,'MY PROFILE'!E6),EXACT(E23,'MY PROFILE'!C6)),25,10)))) | N23: =IF(G23="","",IF(EXACT(G23,'MY PROFILE'!C7),30,IF(EXACT('MY PROFILE'!G27,"Yes"),10,0))) | O23: =IF(T23=999,0,IF('MY PROFILE'!G10="No Limit",15,IF('MY PROFILE'!G10="30 Minutes",IF(T23<=30,15,IF(T23<=60,8,IF(T23<=90,3,0))),IF('MY PROFILE'!G10="1 Hour",IF(T23<=60,15,IF(T23<=90,8,IF(T23<=120,3,0))),IF('MY PROFILE'!G10="1.5 Hours",IF(T23<=90,15,IF(T23<=120,8,IF(T23<=150,3,0))),IF('MY PROFILE'!G10="2 Hours",IF(T23<=120,15,IF(T23<=150,8,IF(T23<=180,3,0))),IF('MY PROFILE'!G10="3 Hours",IF(T23<=180,15,IF(T23<=240,5,0)),15))))))) | P23: =IF(EXACT('MY PROFILE'!C26,"Pursue Command"),IF(EXACT(I23,"Yes"),15,5),IF(EXACT('MY PROFILE'!C26,"Promote to Next Grade"),IF(EXACT(H23,"Leadership"),12,IF(EXACT(H23,"Staff"),10,8)),IF(EXACT('MY PROFILE'!C26,"Move to Staff"),IF(EXACT(H23,"Staff"),15,IF(EXACT(H23,"Technical"),10,5)),IF(EXACT('MY PROFILE'!C26,"Pursue AGR Full-Time"),IF(EXACT(J23,"AGR"),15,IF(EXACT(J23,"M-Day"),5,10)),8)))) | Q23: =IF(EXACT('MY PROFILE'!G6,"M-Day"),IF(EXACT(J23,"M-Day"),5,IF(EXACT(J23,"AGR"),1,3)),IF(EXACT('MY PROFILE'!G6,"AGR"),IF(EXACT(J23,"AGR"),5,IF(EXACT(J23,"M-Day"),2,3)),3)) | R23: =IFERROR(M23+N23+O23+P23+Q23,0) | S23: =IF(R23>=80,"STRONG MATCH",IF(R23>=60,"GOOD MATCH",IF(R23>=40,"MODERATE / STRETCH",IF(R23>=20,"POSSIBLE — GAPS EXIST","NOT RECOMMENDED NOW")))) | T23: =IFERROR(SUMPRODUCT(($A$231:$A$313='MY PROFILE'!C10)*($B$231:$B$313=C23)*($C$231:$C$313)),999)
A24: ='ADMIN - POSITIONS'!A24 | B24: ='ADMIN - POSITIONS'!B24 | C24: ='ADMIN - POSITIONS'!D24 | D24: ='ADMIN - POSITIONS'!E24 | E24: ='ADMIN - POSITIONS'!F24 | F24: ='ADMIN - POSITIONS'!G24 | G24: ='ADMIN - POSITIONS'!H24 | H24: ='ADMIN - POSITIONS'!J24 | I24: ='ADMIN - POSITIONS'!K24 | J24: ='ADMIN - POSITIONS'!L24 | K24: ='ADMIN - POSITIONS'!M24 | L24: ='ADMIN - POSITIONS'!N24 | M24: =IF(E24=""," ",IF(EXACT(E24,'MY PROFILE'!E6)=FALSE,0,IF(AND(EXACT(F24,'MY PROFILE'!E6),EXACT(E24,'MY PROFILE'!C25)),35,IF(AND(EXACT(F24,'MY PROFILE'!E6),EXACT(E24,'MY PROFILE'!C6)),25,10)))) | N24: =IF(G24="","",IF(EXACT(G24,'MY PROFILE'!C7),30,IF(EXACT('MY PROFILE'!G27,"Yes"),10,0))) | O24: =IF(T24=999,0,IF('MY PROFILE'!G10="No Limit",15,IF('MY PROFILE'!G10="30 Minutes",IF(T24<=30,15,IF(T24<=60,8,IF(T24<=90,3,0))),IF('MY PROFILE'!G10="1 Hour",IF(T24<=60,15,IF(T24<=90,8,IF(T24<=120,3,0))),IF('MY PROFILE'!G10="1.5 Hours",IF(T24<=90,15,IF(T24<=120,8,IF(T24<=150,3,0))),IF('MY PROFILE'!G10="2 Hours",IF(T24<=120,15,IF(T24<=150,8,IF(T24<=180,3,0))),IF('MY PROFILE'!G10="3 Hours",IF(T24<=180,15,IF(T24<=240,5,0)),15))))))) | P24: =IF(EXACT('MY PROFILE'!C26,"Pursue Command"),IF(EXACT(I24,"Yes"),15,5),IF(EXACT('MY PROFILE'!C26,"Promote to Next Grade"),IF(EXACT(H24,"Leadership"),12,IF(EXACT(H24,"Staff"),10,8)),IF(EXACT('MY PROFILE'!C26,"Move to Staff"),IF(EXACT(H24,"Staff"),15,IF(EXACT(H24,"Technical"),10,5)),IF(EXACT('MY PROFILE'!C26,"Pursue AGR Full-Time"),IF(EXACT(J24,"AGR"),15,IF(EXACT(J24,"M-Day"),5,10)),8)))) | Q24: =IF(EXACT('MY PROFILE'!G6,"M-Day"),IF(EXACT(J24,"M-Day"),5,IF(EXACT(J24,"AGR"),1,3)),IF(EXACT('MY PROFILE'!G6,"AGR"),IF(EXACT(J24,"AGR"),5,IF(EXACT(J24,"M-Day"),2,3)),3)) | R24: =IFERROR(M24+N24+O24+P24+Q24,0) | S24: =IF(R24>=80,"STRONG MATCH",IF(R24>=60,"GOOD MATCH",IF(R24>=40,"MODERATE / STRETCH",IF(R24>=20,"POSSIBLE — GAPS EXIST","NOT RECOMMENDED NOW")))) | T24: =IFERROR(SUMPRODUCT(($A$231:$A$313='MY PROFILE'!C10)*($B$231:$B$313=C24)*($C$231:$C$313)),999)
A25: ='ADMIN - POSITIONS'!A25 | B25: ='ADMIN - POSITIONS'!B25 | C25: ='ADMIN - POSITIONS'!D25 | D25: ='ADMIN - POSITIONS'!E25 | E25: ='ADMIN - POSITIONS'!F25 | F25: ='ADMIN - POSITIONS'!G25 | G25: ='ADMIN - POSITIONS'!H25 | H25: ='ADMIN - POSITIONS'!J25 | I25: ='ADMIN - POSITIONS'!K25 | J25: ='ADMIN - POSITIONS'!L25 | K25: ='ADMIN - POSITIONS'!M25 | L25: ='ADMIN - POSITIONS'!N25 | M25: =IF(E25=""," ",IF(EXACT(E25,'MY PROFILE'!E6)=FALSE,0,IF(AND(EXACT(F25,'MY PROFILE'!E6),EXACT(E25,'MY PROFILE'!C25)),35,IF(AND(EXACT(F25,'MY PROFILE'!E6),EXACT(E25,'MY PROFILE'!C6)),25,10)))) | N25: =IF(G25="","",IF(EXACT(G25,'MY PROFILE'!C7),30,IF(EXACT('MY PROFILE'!G27,"Yes"),10,0))) | O25: =IF(T25=999,0,IF('MY PROFILE'!G10="No Limit",15,IF('MY PROFILE'!G10="30 Minutes",IF(T25<=30,15,IF(T25<=60,8,IF(T25<=90,3,0))),IF('MY PROFILE'!G10="1 Hour",IF(T25<=60,15,IF(T25<=90,8,IF(T25<=120,3,0))),IF('MY PROFILE'!G10="1.5 Hours",IF(T25<=90,15,IF(T25<=120,8,IF(T25<=150,3,0))),IF('MY PROFILE'!G10="2 Hours",IF(T25<=120,15,IF(T25<=150,8,IF(T25<=180,3,0))),IF('MY PROFILE'!G10="3 Hours",IF(T25<=180,15,IF(T25<=240,5,0)),15))))))) | P25: =IF(EXACT('MY PROFILE'!C26,"Pursue Command"),IF(EXACT(I25,"Yes"),15,5),IF(EXACT('MY PROFILE'!C26,"Promote to Next Grade"),IF(EXACT(H25,"Leadership"),12,IF(EXACT(H25,"Staff"),10,8)),IF(EXACT('MY PROFILE'!C26,"Move to Staff"),IF(EXACT(H25,"Staff"),15,IF(EXACT(H25,"Technical"),10,5)),IF(EXACT('MY PROFILE'!C26,"Pursue AGR Full-Time"),IF(EXACT(J25,"AGR"),15,IF(EXACT(J25,"M-Day"),5,10)),8)))) | Q25: =IF(EXACT('MY PROFILE'!G6,"M-Day"),IF(EXACT(J25,"M-Day"),5,IF(EXACT(J25,"AGR"),1,3)),IF(EXACT('MY PROFILE'!G6,"AGR"),IF(EXACT(J25,"AGR"),5,IF(EXACT(J25,"M-Day"),2,3)),3)) | R25: =IFERROR(M25+N25+O25+P25+Q25,0) | S25: =IF(R25>=80,"STRONG MATCH",IF(R25>=60,"GOOD MATCH",IF(R25>=40,"MODERATE / STRETCH",IF(R25>=20,"POSSIBLE — GAPS EXIST","NOT RECOMMENDED NOW")))) | T25: =IFERROR(SUMPRODUCT(($A$231:$A$313='MY PROFILE'!C10)*($B$231:$B$313=C25)*($C$231:$C$313)),999)
A26: ='ADMIN - POSITIONS'!A26 | B26: ='ADMIN - POSITIONS'!B26 | C26: ='ADMIN - POSITIONS'!D26 | D26: ='ADMIN - POSITIONS'!E26 | E26: ='ADMIN - POSITIONS'!F26 | F26: ='ADMIN - POSITIONS'!G26 | G26: ='ADMIN - POSITIONS'!H26 | H26: ='ADMIN - POSITIONS'!J26 | I26: ='ADMIN - POSITIONS'!K26 | J26: ='ADMIN - POSITIONS'!L26 | K26: ='ADMIN - POSITIONS'!M26 | L26: ='ADMIN - POSITIONS'!N26 | M26: =IF(E26=""," ",IF(EXACT(E26,'MY PROFILE'!E6)=FALSE,0,IF(AND(EXACT(F26,'MY PROFILE'!E6),EXACT(E26,'MY PROFILE'!C25)),35,IF(AND(EXACT(F26,'MY PROFILE'!E6),EXACT(E26,'MY PROFILE'!C6)),25,10)))) | N26: =IF(G26="","",IF(EXACT(G26,'MY PROFILE'!C7),30,IF(EXACT('MY PROFILE'!G27,"Yes"),10,0))) | O26: =IF(T26=999,0,IF('MY PROFILE'!G10="No Limit",15,IF('MY PROFILE'!G10="30 Minutes",IF(T26<=30,15,IF(T26<=60,8,IF(T26<=90,3,0))),IF('MY PROFILE'!G10="1 Hour",IF(T26<=60,15,IF(T26<=90,8,IF(T26<=120,3,0))),IF('MY PROFILE'!G10="1.5 Hours",IF(T26<=90,15,IF(T26<=120,8,IF(T26<=150,3,0))),IF('MY PROFILE'!G10="2 Hours",IF(T26<=120,15,IF(T26<=150,8,IF(T26<=180,3,0))),IF('MY PROFILE'!G10="3 Hours",IF(T26<=180,15,IF(T26<=240,5,0)),15))))))) | P26: =IF(EXACT('MY PROFILE'!C26,"Pursue Command"),IF(EXACT(I26,"Yes"),15,5),IF(EXACT('MY PROFILE'!C26,"Promote to Next Grade"),IF(EXACT(H26,"Leadership"),12,IF(EXACT(H26,"Staff"),10,8)),IF(EXACT('MY PROFILE'!C26,"Move to Staff"),IF(EXACT(H26,"Staff"),15,IF(EXACT(H26,"Technical"),10,5)),IF(EXACT('MY PROFILE'!C26,"Pursue AGR Full-Time"),IF(EXACT(J26,"AGR"),15,IF(EXACT(J26,"M-Day"),5,10)),8)))) | Q26: =IF(EXACT('MY PROFILE'!G6,"M-Day"),IF(EXACT(J26,"M-Day"),5,IF(EXACT(J26,"AGR"),1,3)),IF(EXACT('MY PROFILE'!G6,"AGR"),IF(EXACT(J26,"AGR"),5,IF(EXACT(J26,"M-Day"),2,3)),3)) | R26: =IFERROR(M26+N26+O26+P26+Q26,0) | S26: =IF(R26>=80,"STRONG MATCH",IF(R26>=60,"GOOD MATCH",IF(R26>=40,"MODERATE / STRETCH",IF(R26>=20,"POSSIBLE — GAPS EXIST","NOT RECOMMENDED NOW")))) | T26: =IFERROR(SUMPRODUCT(($A$231:$A$313='MY PROFILE'!C10)*($B$231:$B$313=C26)*($C$231:$C$313)),999)
A27: ='ADMIN - POSITIONS'!A27 | B27: ='ADMIN - POSITIONS'!B27 | C27: ='ADMIN - POSITIONS'!D27 | D27: ='ADMIN - POSITIONS'!E27 | E27: ='ADMIN - POSITIONS'!F27 | F27: ='ADMIN - POSITIONS'!G27 | G27: ='ADMIN - POSITIONS'!H27 | H27: ='ADMIN - POSITIONS'!J27 | I27: ='ADMIN - POSITIONS'!K27 | J27: ='ADMIN - POSITIONS'!L27 | K27: ='ADMIN - POSITIONS'!M27 | L27: ='ADMIN - POSITIONS'!N27 | M27: =IF(E27=""," ",IF(EXACT(E27,'MY PROFILE'!E6)=FALSE,0,IF(AND(EXACT(F27,'MY PROFILE'!E6),EXACT(E27,'MY PROFILE'!C25)),35,IF(AND(EXACT(F27,'MY PROFILE'!E6),EXACT(E27,'MY PROFILE'!C6)),25,10)))) | N27: =IF(G27="","",IF(EXACT(G27,'MY PROFILE'!C7),30,IF(EXACT('MY PROFILE'!G27,"Yes"),10,0))) | O27: =IF(T27=999,0,IF('MY PROFILE'!G10="No Limit",15,IF('MY PROFILE'!G10="30 Minutes",IF(T27<=30,15,IF(T27<=60,8,IF(T27<=90,3,0))),IF('MY PROFILE'!G10="1 Hour",IF(T27<=60,15,IF(T27<=90,8,IF(T27<=120,3,0))),IF('MY PROFILE'!G10="1.5 Hours",IF(T27<=90,15,IF(T27<=120,8,IF(T27<=150,3,0))),IF('MY PROFILE'!G10="2 Hours",IF(T27<=120,15,IF(T27<=150,8,IF(T27<=180,3,0))),IF('MY PROFILE'!G10="3 Hours",IF(T27<=180,15,IF(T27<=240,5,0)),15))))))) | P27: =IF(EXACT('MY PROFILE'!C26,"Pursue Command"),IF(EXACT(I27,"Yes"),15,5),IF(EXACT('MY PROFILE'!C26,"Promote to Next Grade"),IF(EXACT(H27,"Leadership"),12,IF(EXACT(H27,"Staff"),10,8)),IF(EXACT('MY PROFILE'!C26,"Move to Staff"),IF(EXACT(H27,"Staff"),15,IF(EXACT(H27,"Technical"),10,5)),IF(EXACT('MY PROFILE'!C26,"Pursue AGR Full-Time"),IF(EXACT(J27,"AGR"),15,IF(EXACT(J27,"M-Day"),5,10)),8)))) | Q27: =IF(EXACT('MY PROFILE'!G6,"M-Day"),IF(EXACT(J27,"M-Day"),5,IF(EXACT(J27,"AGR"),1,3)),IF(EXACT('MY PROFILE'!G6,"AGR"),IF(EXACT(J27,"AGR"),5,IF(EXACT(J27,"M-Day"),2,3)),3)) | R27: =IFERROR(M27+N27+O27+P27+Q27,0) | S27: =IF(R27>=80,"STRONG MATCH",IF(R27>=60,"GOOD MATCH",IF(R27>=40,"MODERATE / STRETCH",IF(R27>=20,"POSSIBLE — GAPS EXIST","NOT RECOMMENDED NOW")))) | T27: =IFERROR(SUMPRODUCT(($A$231:$A$313='MY PROFILE'!C10)*($B$231:$B$313=C27)*($C$231:$C$313)),999)
A28: ='ADMIN - POSITIONS'!A28 | B28: ='ADMIN - POSITIONS'!B28 | C28: ='ADMIN - POSITIONS'!D28 | D28: ='ADMIN - POSITIONS'!E28 | E28: ='ADMIN - POSITIONS'!F28 | F28: ='ADMIN - POSITIONS'!G28 | G28: ='ADMIN - POSITIONS'!H28 | H28: ='ADMIN - POSITIONS'!J28 | I28: ='ADMIN - POSITIONS'!K28 | J28: ='ADMIN - POSITIONS'!L28 | K28: ='ADMIN - POSITIONS'!M28 | L28: ='ADMIN - POSITIONS'!N28 | M28: =IF(E28=""," ",IF(EXACT(E28,'MY PROFILE'!E6)=FALSE,0,IF(AND(EXACT(F28,'MY PROFILE'!E6),EXACT(E28,'MY PROFILE'!C25)),35,IF(AND(EXACT(F28,'MY PROFILE'!E6),EXACT(E28,'MY PROFILE'!C6)),25,10)))) | N28: =IF(G28="","",IF(EXACT(G28,'MY PROFILE'!C7),30,IF(EXACT('MY PROFILE'!G27,"Yes"),10,0))) | O28: =IF(T28=999,0,IF('MY PROFILE'!G10="No Limit",15,IF('MY PROFILE'!G10="30 Minutes",IF(T28<=30,15,IF(T28<=60,8,IF(T28<=90,3,0))),IF('MY PROFILE'!G10="1 Hour",IF(T28<=60,15,IF(T28<=90,8,IF(T28<=120,3,0))),IF('MY PROFILE'!G10="1.5 Hours",IF(T28<=90,15,IF(T28<=120,8,IF(T28<=150,3,0))),IF('MY PROFILE'!G10="2 Hours",IF(T28<=120,15,IF(T28<=150,8,IF(T28<=180,3,0))),IF('MY PROFILE'!G10="3 Hours",IF(T28<=180,15,IF(T28<=240,5,0)),15))))))) | P28: =IF(EXACT('MY PROFILE'!C26,"Pursue Command"),IF(EXACT(I28,"Yes"),15,5),IF(EXACT('MY PROFILE'!C26,"Promote to Next Grade"),IF(EXACT(H28,"Leadership"),12,IF(EXACT(H28,"Staff"),10,8)),IF(EXACT('MY PROFILE'!C26,"Move to Staff"),IF(EXACT(H28,"Staff"),15,IF(EXACT(H28,"Technical"),10,5)),IF(EXACT('MY PROFILE'!C26,"Pursue AGR Full-Time"),IF(EXACT(J28,"AGR"),15,IF(EXACT(J28,"M-Day"),5,10)),8)))) | Q28: =IF(EXACT('MY PROFILE'!G6,"M-Day"),IF(EXACT(J28,"M-Day"),5,IF(EXACT(J28,"AGR"),1,3)),IF(EXACT('MY PROFILE'!G6,"AGR"),IF(EXACT(J28,"AGR"),5,IF(EXACT(J28,"M-Day"),2,3)),3)) | R28: =IFERROR(M28+N28+O28+P28+Q28,0) | S28: =IF(R28>=80,"STRONG MATCH",IF(R28>=60,"GOOD MATCH",IF(R28>=40,"MODERATE / STRETCH",IF(R28>=20,"POSSIBLE — GAPS EXIST","NOT RECOMMENDED NOW")))) | T28: =IFERROR(SUMPRODUCT(($A$231:$A$313='MY PROFILE'!C10)*($B$231:$B$313=C28)*($C$231:$C$313)),999)
A29: ='ADMIN - POSITIONS'!A29 | B29: ='ADMIN - POSITIONS'!B29 | C29: ='ADMIN - POSITIONS'!D29 | D29: ='ADMIN - POSITIONS'!E29 | E29: ='ADMIN - POSITIONS'!F29 | F29: ='ADMIN - POSITIONS'!G29 | G29: ='ADMIN - POSITIONS'!H29 | H29: ='ADMIN - POSITIONS'!J29 | I29: ='ADMIN - POSITIONS'!K29 | J29: ='ADMIN - POSITIONS'!L29 | K29: ='ADMIN - POSITIONS'!M29 | L29: ='ADMIN - POSITIONS'!N29 | M29: =IF(E29=""," ",IF(EXACT(E29,'MY PROFILE'!E6)=FALSE,0,IF(AND(EXACT(F29,'MY PROFILE'!E6),EXACT(E29,'MY PROFILE'!C25)),35,IF(AND(EXACT(F29,'MY PROFILE'!E6),EXACT(E29,'MY PROFILE'!C6)),25,10)))) | N29: =IF(G29="","",IF(EXACT(G29,'MY PROFILE'!C7),30,IF(EXACT('MY PROFILE'!G27,"Yes"),10,0))) | O29: =IF(T29=999,0,IF('MY PROFILE'!G10="No Limit",15,IF('MY PROFILE'!G10="30 Minutes",IF(T29<=30,15,IF(T29<=60,8,IF(T29<=90,3,0))),IF('MY PROFILE'!G10="1 Hour",IF(T29<=60,15,IF(T29<=90,8,IF(T29<=120,3,0))),IF('MY PROFILE'!G10="1.5 Hours",IF(T29<=90,15,IF(T29<=120,8,IF(T29<=150,3,0))),IF('MY PROFILE'!G10="2 Hours",IF(T29<=120,15,IF(T29<=150,8,IF(T29<=180,3,0))),IF('MY PROFILE'!G10="3 Hours",IF(T29<=180,15,IF(T29<=240,5,0)),15))))))) | P29: =IF(EXACT('MY PROFILE'!C26,"Pursue Command"),IF(EXACT(I29,"Yes"),15,5),IF(EXACT('MY PROFILE'!C26,"Promote to Next Grade"),IF(EXACT(H29,"Leadership"),12,IF(EXACT(H29,"Staff"),10,8)),IF(EXACT('MY PROFILE'!C26,"Move to Staff"),IF(EXACT(H29,"Staff"),15,IF(EXACT(H29,"Technical"),10,5)),IF(EXACT('MY PROFILE'!C26,"Pursue AGR Full-Time"),IF(EXACT(J29,"AGR"),15,IF(EXACT(J29,"M-Day"),5,10)),8)))) | Q29: =IF(EXACT('MY PROFILE'!G6,"M-Day"),IF(EXACT(J29,"M-Day"),5,IF(EXACT(J29,"AGR"),1,3)),IF(EXACT('MY PROFILE'!G6,"AGR"),IF(EXACT(J29,"AGR"),5,IF(EXACT(J29,"M-Day"),2,3)),3)) | R29: =IFERROR(M29+N29+O29+P29+Q29,0) | S29: =IF(R29>=80,"STRONG MATCH",IF(R29>=60,"GOOD MATCH",IF(R29>=40,"MODERATE / STRETCH",IF(R29>=20,"POSSIBLE — GAPS EXIST","NOT RECOMMENDED NOW")))) | T29: =IFERROR(SUMPRODUCT(($A$231:$A$313='MY PROFILE'!C10)*($B$231:$B$313=C29)*($C$231:$C$313)),999)
A30: ='ADMIN - POSITIONS'!A30 | B30: ='ADMIN - POSITIONS'!B30 | C30: ='ADMIN - POSITIONS'!D30 | D30: ='ADMIN - POSITIONS'!E30 | E30: ='ADMIN - POSITIONS'!F30 | F30: ='ADMIN - POSITIONS'!G30 | G30: ='ADMIN - POSITIONS'!H30 | H30: ='ADMIN - POSITIONS'!J30 | I30: ='ADMIN - POSITIONS'!K30 | J30: ='ADMIN - POSITIONS'!L30 | K30: ='ADMIN - POSITIONS'!M30 | L30: ='ADMIN - POSITIONS'!N30 | M30: =IF(E30=""," ",IF(EXACT(E30,'MY PROFILE'!E6)=FALSE,0,IF(AND(EXACT(F30,'MY PROFILE'!E6),EXACT(E30,'MY PROFILE'!C25)),35,IF(AND(EXACT(F30,'MY PROFILE'!E6),EXACT(E30,'MY PROFILE'!C6)),25,10)))) | N30: =IF(G30="","",IF(EXACT(G30,'MY PROFILE'!C7),30,IF(EXACT('MY PROFILE'!G27,"Yes"),10,0))) | O30: =IF(T30=999,0,IF('MY PROFILE'!G10="No Limit",15,IF('MY PROFILE'!G10="30 Minutes",IF(T30<=30,15,IF(T30<=60,8,IF(T30<=90,3,0))),IF('MY PROFILE'!G10="1 Hour",IF(T30<=60,15,IF(T30<=90,8,IF(T30<=120,3,0))),IF('MY PROFILE'!G10="1.5 Hours",IF(T30<=90,15,IF(T30<=120,8,IF(T30<=150,3,0))),IF('MY PROFILE'!G10="2 Hours",IF(T30<=120,15,IF(T30<=150,8,IF(T30<=180,3,0))),IF('MY PROFILE'!G10="3 Hours",IF(T30<=180,15,IF(T30<=240,5,0)),15))))))) | P30: =IF(EXACT('MY PROFILE'!C26,"Pursue Command"),IF(EXACT(I30,"Yes"),15,5),IF(EXACT('MY PROFILE'!C26,"Promote to Next Grade"),IF(EXACT(H30,"Leadership"),12,IF(EXACT(H30,"Staff"),10,8)),IF(EXACT('MY PROFILE'!C26,"Move to Staff"),IF(EXACT(H30,"Staff"),15,IF(EXACT(H30,"Technical"),10,5)),IF(EXACT('MY PROFILE'!C26,"Pursue AGR Full-Time"),IF(EXACT(J30,"AGR"),15,IF(EXACT(J30,"M-Day"),5,10)),8)))) | Q30: =IF(EXACT('MY PROFILE'!G6,"M-Day"),IF(EXACT(J30,"M-Day"),5,IF(EXACT(J30,"AGR"),1,3)),IF(EXACT('MY PROFILE'!G6,"AGR"),IF(EXACT(J30,"AGR"),5,IF(EXACT(J30,"M-Day"),2,3)),3)) | R30: =IFERROR(M30+N30+O30+P30+Q30,0) | S30: =IF(R30>=80,"STRONG MATCH",IF(R30>=60,"GOOD MATCH",IF(R30>=40,"MODERATE / STRETCH",IF(R30>=20,"POSSIBLE — GAPS EXIST","NOT RECOMMENDED NOW")))) | T30: =IFERROR(SUMPRODUCT(($A$231:$A$313='MY PROFILE'!C10)*($B$231:$B$313=C30)*($C$231:$C$313)),999)
A31: ='ADMIN - POSITIONS'!A31 | B31: ='ADMIN - POSITIONS'!B31 | C31: ='ADMIN - POSITIONS'!D31 | D31: ='ADMIN - POSITIONS'!E31 | E31: ='ADMIN - POSITIONS'!F31 | F31: ='ADMIN - POSITIONS'!G31 | G31: ='ADMIN - POSITIONS'!H31 | H31: ='ADMIN - POSITIONS'!J31 | I31: ='ADMIN - POSITIONS'!K31 | J31: ='ADMIN - POSITIONS'!L31 | K31: ='ADMIN - POSITIONS'!M31 | L31: ='ADMIN - POSITIONS'!N31 | M31: =IF(E31=""," ",IF(EXACT(E31,'MY PROFILE'!E6)=FALSE,0,IF(AND(EXACT(F31,'MY PROFILE'!E6),EXACT(E31,'MY PROFILE'!C25)),35,IF(AND(EXACT(F31,'MY PROFILE'!E6),EXACT(E31,'MY PROFILE'!C6)),25,10)))) | N31: =IF(G31="","",IF(EXACT(G31,'MY PROFILE'!C7),30,IF(EXACT('MY PROFILE'!G27,"Yes"),10,0))) | O31: =IF(T31=999,0,IF('MY PROFILE'!G10="No Limit",15,IF('MY PROFILE'!G10="30 Minutes",IF(T31<=30,15,IF(T31<=60,8,IF(T31<=90,3,0))),IF('MY PROFILE'!G10="1 Hour",IF(T31<=60,15,IF(T31<=90,8,IF(T31<=120,3,0))),IF('MY PROFILE'!G10="1.5 Hours",IF(T31<=90,15,IF(T31<=120,8,IF(T31<=150,3,0))),IF('MY PROFILE'!G10="2 Hours",IF(T31<=120,15,IF(T31<=150,8,IF(T31<=180,3,0))),IF('MY PROFILE'!G10="3 Hours",IF(T31<=180,15,IF(T31<=240,5,0)),15))))))) | P31: =IF(EXACT('MY PROFILE'!C26,"Pursue Command"),IF(EXACT(I31,"Yes"),15,5),IF(EXACT('MY PROFILE'!C26,"Promote to Next Grade"),IF(EXACT(H31,"Leadership"),12,IF(EXACT(H31,"Staff"),10,8)),IF(EXACT('MY PROFILE'!C26,"Move to Staff"),IF(EXACT(H31,"Staff"),15,IF(EXACT(H31,"Technical"),10,5)),IF(EXACT('MY PROFILE'!C26,"Pursue AGR Full-Time"),IF(EXACT(J31,"AGR"),15,IF(EXACT(J31,"M-Day"),5,10)),8)))) | Q31: =IF(EXACT('MY PROFILE'!G6,"M-Day"),IF(EXACT(J31,"M-Day"),5,IF(EXACT(J31,"AGR"),1,3)),IF(EXACT('MY PROFILE'!G6,"AGR"),IF(EXACT(J31,"AGR"),5,IF(EXACT(J31,"M-Day"),2,3)),3)) | R31: =IFERROR(M31+N31+O31+P31+Q31,0) | S31: =IF(R31>=80,"STRONG MATCH",IF(R31>=60,"GOOD MATCH",IF(R31>=40,"MODERATE / STRETCH",IF(R31>=20,"POSSIBLE — GAPS EXIST","NOT RECOMMENDED NOW")))) | T31: =IFERROR(SUMPRODUCT(($A$231:$A$313='MY PROFILE'!C10)*($B$231:$B$313=C31)*($C$231:$C$313)),999)
A32: ='ADMIN - POSITIONS'!A32 | B32: ='ADMIN - POSITIONS'!B32 | C32: ='ADMIN - POSITIONS'!D32 | D32: ='ADMIN - POSITIONS'!E32 | E32: ='ADMIN - POSITIONS'!F32 | F32: ='ADMIN - POSITIONS'!G32 | G32: ='ADMIN - POSITIONS'!H32 | H32: ='ADMIN - POSITIONS'!J32 | I32: ='ADMIN - POSITIONS'!K32 | J32: ='ADMIN - POSITIONS'!L32 | K32: ='ADMIN - POSITIONS'!M32 | L32: ='ADMIN - POSITIONS'!N32 | M32: =IF(E32=""," ",IF(EXACT(E32,'MY PROFILE'!E6)=FALSE,0,IF(AND(EXACT(F32,'MY PROFILE'!E6),EXACT(E32,'MY PROFILE'!C25)),35,IF(AND(EXACT(F32,'MY PROFILE'!E6),EXACT(E32,'MY PROFILE'!C6)),25,10)))) | N32: =IF(G32="","",IF(EXACT(G32,'MY PROFILE'!C7),30,IF(EXACT('MY PROFILE'!G27,"Yes"),10,0))) | O32: =IF(T32=999,0,IF('MY PROFILE'!G10="No Limit",15,IF('MY PROFILE'!G10="30 Minutes",IF(T32<=30,15,IF(T32<=60,8,IF(T32<=90,3,0))),IF('MY PROFILE'!G10="1 Hour",IF(T32<=60,15,IF(T32<=90,8,IF(T32<=120,3,0))),IF('MY PROFILE'!G10="1.5 Hours",IF(T32<=90,15,IF(T32<=120,8,IF(T32<=150,3,0))),IF('MY PROFILE'!G10="2 Hours",IF(T32<=120,15,IF(T32<=150,8,IF(T32<=180,3,0))),IF('MY PROFILE'!G10="3 Hours",IF(T32<=180,15,IF(T32<=240,5,0)),15))))))) | P32: =IF(EXACT('MY PROFILE'!C26,"Pursue Command"),IF(EXACT(I32,"Yes"),15,5),IF(EXACT('MY PROFILE'!C26,"Promote to Next Grade"),IF(EXACT(H32,"Leadership"),12,IF(EXACT(H32,"Staff"),10,8)),IF(EXACT('MY PROFILE'!C26,"Move to Staff"),IF(EXACT(H32,"Staff"),15,IF(EXACT(H32,"Technical"),10,5)),IF(EXACT('MY PROFILE'!C26,"Pursue AGR Full-Time"),IF(EXACT(J32,"AGR"),15,IF(EXACT(J32,"M-Day"),5,10)),8)))) | Q32: =IF(EXACT('MY PROFILE'!G6,"M-Day"),IF(EXACT(J32,"M-Day"),5,IF(EXACT(J32,"AGR"),1,3)),IF(EXACT('MY PROFILE'!G6,"AGR"),IF(EXACT(J32,"AGR"),5,IF(EXACT(J32,"M-Day"),2,3)),3)) | R32: =IFERROR(M32+N32+O32+P32+Q32,0) | S32: =IF(R32>=80,"STRONG MATCH",IF(R32>=60,"GOOD MATCH",IF(R32>=40,"MODERATE / STRETCH",IF(R32>=20,"POSSIBLE — GAPS EXIST","NOT RECOMMENDED NOW")))) | T32: =IFERROR(SUMPRODUCT(($A$231:$A$313='MY PROFILE'!C10)*($B$231:$B$313=C32)*($C$231:$C$313)),999)
A33: ='ADMIN - POSITIONS'!A33 | B33: ='ADMIN - POSITIONS'!B33 | C33: ='ADMIN - POSITIONS'!D33 | D33: ='ADMIN - POSITIONS'!E33 | E33: ='ADMIN - POSITIONS'!F33 | F33: ='ADMIN - POSITIONS'!G33 | G33: ='ADMIN - POSITIONS'!H33 | H33: ='ADMIN - POSITIONS'!J33 | I33: ='ADMIN - POSITIONS'!K33 | J33: ='ADMIN - POSITIONS'!L33 | K33: ='ADMIN - POSITIONS'!M33 | L33: ='ADMIN - POSITIONS'!N33 | M33: =IF(E33=""," ",IF(EXACT(E33,'MY PROFILE'!E6)=FALSE,0,IF(AND(EXACT(F33,'MY PROFILE'!E6),EXACT(E33,'MY PROFILE'!C25)),35,IF(AND(EXACT(F33,'MY PROFILE'!E6),EXACT(E33,'MY PROFILE'!C6)),25,10)))) | N33: =IF(G33="","",IF(EXACT(G33,'MY PROFILE'!C7),30,IF(EXACT('MY PROFILE'!G27,"Yes"),10,0))) | O33: =IF(T33=999,0,IF('MY PROFILE'!G10="No Limit",15,IF('MY PROFILE'!G10="30 Minutes",IF(T33<=30,15,IF(T33<=60,8,IF(T33<=90,3,0))),IF('MY PROFILE'!G10="1 Hour",IF(T33<=60,15,IF(T33<=90,8,IF(T33<=120,3,0))),IF('MY PROFILE'!G10="1.5 Hours",IF(T33<=90,15,IF(T33<=120,8,IF(T33<=150,3,0))),IF('MY PROFILE'!G10="2 Hours",IF(T33<=120,15,IF(T33<=150,8,IF(T33<=180,3,0))),IF('MY PROFILE'!G10="3 Hours",IF(T33<=180,15,IF(T33<=240,5,0)),15))))))) | P33: =IF(EXACT('MY PROFILE'!C26,"Pursue Command"),IF(EXACT(I33,"Yes"),15,5),IF(EXACT('MY PROFILE'!C26,"Promote to Next Grade"),IF(EXACT(H33,"Leadership"),12,IF(EXACT(H33,"Staff"),10,8)),IF(EXACT('MY PROFILE'!C26,"Move to Staff"),IF(EXACT(H33,"Staff"),15,IF(EXACT(H33,"Technical"),10,5)),IF(EXACT('MY PROFILE'!C26,"Pursue AGR Full-Time"),IF(EXACT(J33,"AGR"),15,IF(EXACT(J33,"M-Day"),5,10)),8)))) | Q33: =IF(EXACT('MY PROFILE'!G6,"M-Day"),IF(EXACT(J33,"M-Day"),5,IF(EXACT(J33,"AGR"),1,3)),IF(EXACT('MY PROFILE'!G6,"AGR"),IF(EXACT(J33,"AGR"),5,IF(EXACT(J33,"M-Day"),2,3)),3)) | R33: =IFERROR(M33+N33+O33+P33+Q33,0) | S33: =IF(R33>=80,"STRONG MATCH",IF(R33>=60,"GOOD MATCH",IF(R33>=40,"MODERATE / STRETCH",IF(R33>=20,"POSSIBLE — GAPS EXIST","NOT RECOMMENDED NOW")))) | T33: =IFERROR(SUMPRODUCT(($A$231:$A$313='MY PROFILE'!C10)*($B$231:$B$313=C33)*($C$231:$C$313)),999)
A34: ='ADMIN - POSITIONS'!A34 | B34: ='ADMIN - POSITIONS'!B34 | C34: ='ADMIN - POSITIONS'!D34 | D34: ='ADMIN - POSITIONS'!E34 | E34: ='ADMIN - POSITIONS'!F34 | F34: ='ADMIN - POSITIONS'!G34 | G34: ='ADMIN - POSITIONS'!H34 | H34: ='ADMIN - POSITIONS'!J34 | I34: ='ADMIN - POSITIONS'!K34 | J34: ='ADMIN - POSITIONS'!L34 | K34: ='ADMIN - POSITIONS'!M34 | L34: ='ADMIN - POSITIONS'!N34 | M34: =IF(E34=""," ",IF(EXACT(E34,'MY PROFILE'!E6)=FALSE,0,IF(AND(EXACT(F34,'MY PROFILE'!E6),EXACT(E34,'MY PROFILE'!C25)),35,IF(AND(EXACT(F34,'MY PROFILE'!E6),EXACT(E34,'MY PROFILE'!C6)),25,10)))) | N34: =IF(G34="","",IF(EXACT(G34,'MY PROFILE'!C7),30,IF(EXACT('MY PROFILE'!G27,"Yes"),10,0))) | O34: =IF(T34=999,0,IF('MY PROFILE'!G10="No Limit",15,IF('MY PROFILE'!G10="30 Minutes",IF(T34<=30,15,IF(T34<=60,8,IF(T34<=90,3,0))),IF('MY PROFILE'!G10="1 Hour",IF(T34<=60,15,IF(T34<=90,8,IF(T34<=120,3,0))),IF('MY PROFILE'!G10="1.5 Hours",IF(T34<=90,15,IF(T34<=120,8,IF(T34<=150,3,0))),IF('MY PROFILE'!G10="2 Hours",IF(T34<=120,15,IF(T34<=150,8,IF(T34<=180,3,0))),IF('MY PROFILE'!G10="3 Hours",IF(T34<=180,15,IF(T34<=240,5,0)),15))))))) | P34: =IF(EXACT('MY PROFILE'!C26,"Pursue Command"),IF(EXACT(I34,"Yes"),15,5),IF(EXACT('MY PROFILE'!C26,"Promote to Next Grade"),IF(EXACT(H34,"Leadership"),12,IF(EXACT(H34,"Staff"),10,8)),IF(EXACT('MY PROFILE'!C26,"Move to Staff"),IF(EXACT(H34,"Staff"),15,IF(EXACT(H34,"Technical"),10,5)),IF(EXACT('MY PROFILE'!C26,"Pursue AGR Full-Time"),IF(EXACT(J34,"AGR"),15,IF(EXACT(J34,"M-Day"),5,10)),8)))) | Q34: =IF(EXACT('MY PROFILE'!G6,"M-Day"),IF(EXACT(J34,"M-Day"),5,IF(EXACT(J34,"AGR"),1,3)),IF(EXACT('MY PROFILE'!G6,"AGR"),IF(EXACT(J34,"AGR"),5,IF(EXACT(J34,"M-Day"),2,3)),3)) | R34: =IFERROR(M34+N34+O34+P34+Q34,0) | S34: =IF(R34>=80,"STRONG MATCH",IF(R34>=60,"GOOD MATCH",IF(R34>=40,"MODERATE / STRETCH",IF(R34>=20,"POSSIBLE — GAPS EXIST","NOT RECOMMENDED NOW")))) | T34: =IFERROR(SUMPRODUCT(($A$231:$A$313='MY PROFILE'!C10)*($B$231:$B$313=C34)*($C$231:$C$313)),999)
A35: ='ADMIN - POSITIONS'!A35 | B35: ='ADMIN - POSITIONS'!B35 | C35: ='ADMIN - POSITIONS'!D35 | D35: ='ADMIN - POSITIONS'!E35 | E35: ='ADMIN - POSITIONS'!F35 | F35: ='ADMIN - POSITIONS'!G35 | G35: ='ADMIN - POSITIONS'!H35 | H35: ='ADMIN - POSITIONS'!J35 | I35: ='ADMIN - POSITIONS'!K35 | J35: ='ADMIN - POSITIONS'!L35 | K35: ='ADMIN - POSITIONS'!M35 | L35: ='ADMIN - POSITIONS'!N35 | M35: =IF(E35=""," ",IF(EXACT(E35,'MY PROFILE'!E6)=FALSE,0,IF(AND(EXACT(F35,'MY PROFILE'!E6),EXACT(E35,'MY PROFILE'!C25)),35,IF(AND(EXACT(F35,'MY PROFILE'!E6),EXACT(E35,'MY PROFILE'!C6)),25,10)))) | N35: =IF(G35="","",IF(EXACT(G35,'MY PROFILE'!C7),30,IF(EXACT('MY PROFILE'!G27,"Yes"),10,0))) | O35: =IF(T35=999,0,IF('MY PROFILE'!G10="No Limit",15,IF('MY PROFILE'!G10="30 Minutes",IF(T35<=30,15,IF(T35<=60,8,IF(T35<=90,3,0))),IF('MY PROFILE'!G10="1 Hour",IF(T35<=60,15,IF(T35<=90,8,IF(T35<=120,3,0))),IF('MY PROFILE'!G10="1.5 Hours",IF(T35<=90,15,IF(T35<=120,8,IF(T35<=150,3,0))),IF('MY PROFILE'!G10="2 Hours",IF(T35<=120,15,IF(T35<=150,8,IF(T35<=180,3,0))),IF('MY PROFILE'!G10="3 Hours",IF(T35<=180,15,IF(T35<=240,5,0)),15))))))) | P35: =IF(EXACT('MY PROFILE'!C26,"Pursue Command"),IF(EXACT(I35,"Yes"),15,5),IF(EXACT('MY PROFILE'!C26,"Promote to Next Grade"),IF(EXACT(H35,"Leadership"),12,IF(EXACT(H35,"Staff"),10,8)),IF(EXACT('MY PROFILE'!C26,"Move to Staff"),IF(EXACT(H35,"Staff"),15,IF(EXACT(H35,"Technical"),10,5)),IF(EXACT('MY PROFILE'!C26,"Pursue AGR Full-Time"),IF(EXACT(J35,"AGR"),15,IF(EXACT(J35,"M-Day"),5,10)),8)))) | Q35: =IF(EXACT('MY PROFILE'!G6,"M-Day"),IF(EXACT(J35,"M-Day"),5,IF(EXACT(J35,"AGR"),1,3)),IF(EXACT('MY PROFILE'!G6,"AGR"),IF(EXACT(J35,"AGR"),5,IF(EXACT(J35,"M-Day"),2,3)),3)) | R35: =IFERROR(M35+N35+O35+P35+Q35,0) | S35: =IF(R35>=80,"STRONG MATCH",IF(R35>=60,"GOOD MATCH",IF(R35>=40,"MODERATE / STRETCH",IF(R35>=20,"POSSIBLE — GAPS EXIST","NOT RECOMMENDED NOW")))) | T35: =IFERROR(SUMPRODUCT(($A$231:$A$313='MY PROFILE'!C10)*($B$231:$B$313=C35)*($C$231:$C$313)),999)
A36: ='ADMIN - POSITIONS'!A36 | B36: ='ADMIN - POSITIONS'!B36 | C36: ='ADMIN - POSITIONS'!D36 | D36: ='ADMIN - POSITIONS'!E36 | E36: ='ADMIN - POSITIONS'!F36 | F36: ='ADMIN - POSITIONS'!G36 | G36: ='ADMIN - POSITIONS'!H36 | H36: ='ADMIN - POSITIONS'!J36 | I36: ='ADMIN - POSITIONS'!K36 | J36: ='ADMIN - POSITIONS'!L36 | K36: ='ADMIN - POSITIONS'!M36 | L36: ='ADMIN - POSITIONS'!N36 | M36: =IF(E36=""," ",IF(EXACT(E36,'MY PROFILE'!E6)=FALSE,0,IF(AND(EXACT(F36,'MY PROFILE'!E6),EXACT(E36,'MY PROFILE'!C25)),35,IF(AND(EXACT(F36,'MY PROFILE'!E6),EXACT(E36,'MY PROFILE'!C6)),25,10)))) | N36: =IF(G36="","",IF(EXACT(G36,'MY PROFILE'!C7),30,IF(EXACT('MY PROFILE'!G27,"Yes"),10,0))) | O36: =IF(T36=999,0,IF('MY PROFILE'!G10="No Limit",15,IF('MY PROFILE'!G10="30 Minutes",IF(T36<=30,15,IF(T36<=60,8,IF(T36<=90,3,0))),IF('MY PROFILE'!G10="1 Hour",IF(T36<=60,15,IF(T36<=90,8,IF(T36<=120,3,0))),IF('MY PROFILE'!G10="1.5 Hours",IF(T36<=90,15,IF(T36<=120,8,IF(T36<=150,3,0))),IF('MY PROFILE'!G10="2 Hours",IF(T36<=120,15,IF(T36<=150,8,IF(T36<=180,3,0))),IF('MY PROFILE'!G10="3 Hours",IF(T36<=180,15,IF(T36<=240,5,0)),15))))))) | P36: =IF(EXACT('MY PROFILE'!C26,"Pursue Command"),IF(EXACT(I36,"Yes"),15,5),IF(EXACT('MY PROFILE'!C26,"Promote to Next Grade"),IF(EXACT(H36,"Leadership"),12,IF(EXACT(H36,"Staff"),10,8)),IF(EXACT('MY PROFILE'!C26,"Move to Staff"),IF(EXACT(H36,"Staff"),15,IF(EXACT(H36,"Technical"),10,5)),IF(EXACT('MY PROFILE'!C26,"Pursue AGR Full-Time"),IF(EXACT(J36,"AGR"),15,IF(EXACT(J36,"M-Day"),5,10)),8)))) | Q36: =IF(EXACT('MY PROFILE'!G6,"M-Day"),IF(EXACT(J36,"M-Day"),5,IF(EXACT(J36,"AGR"),1,3)),IF(EXACT('MY PROFILE'!G6,"AGR"),IF(EXACT(J36,"AGR"),5,IF(EXACT(J36,"M-Day"),2,3)),3)) | R36: =IFERROR(M36+N36+O36+P36+Q36,0) | S36: =IF(R36>=80,"STRONG MATCH",IF(R36>=60,"GOOD MATCH",IF(R36>=40,"MODERATE / STRETCH",IF(R36>=20,"POSSIBLE — GAPS EXIST","NOT RECOMMENDED NOW")))) | T36: =IFERROR(SUMPRODUCT(($A$231:$A$313='MY PROFILE'!C10)*($B$231:$B$313=C36)*($C$231:$C$313)),999)
A37: ='ADMIN - POSITIONS'!A37 | B37: ='ADMIN - POSITIONS'!B37 | C37: ='ADMIN - POSITIONS'!D37 | D37: ='ADMIN - POSITIONS'!E37 | E37: ='ADMIN - POSITIONS'!F37 | F37: ='ADMIN - POSITIONS'!G37 | G37: ='ADMIN - POSITIONS'!H37 | H37: ='ADMIN - POSITIONS'!J37 | I37: ='ADMIN - POSITIONS'!K37 | J37: ='ADMIN - POSITIONS'!L37 | K37: ='ADMIN - POSITIONS'!M37 | L37: ='ADMIN - POSITIONS'!N37 | M37: =IF(E37=""," ",IF(EXACT(E37,'MY PROFILE'!E6)=FALSE,0,IF(AND(EXACT(F37,'MY PROFILE'!E6),EXACT(E37,'MY PROFILE'!C25)),35,IF(AND(EXACT(F37,'MY PROFILE'!E6),EXACT(E37,'MY PROFILE'!C6)),25,10)))) | N37: =IF(G37="","",IF(EXACT(G37,'MY PROFILE'!C7),30,IF(EXACT('MY PROFILE'!G27,"Yes"),10,0))) | O37: =IF(T37=999,0,IF('MY PROFILE'!G10="No Limit",15,IF('MY PROFILE'!G10="30 Minutes",IF(T37<=30,15,IF(T37<=60,8,IF(T37<=90,3,0))),IF('MY PROFILE'!G10="1 Hour",IF(T37<=60,15,IF(T37<=90,8,IF(T37<=120,3,0))),IF('MY PROFILE'!G10="1.5 Hours",IF(T37<=90,15,IF(T37<=120,8,IF(T37<=150,3,0))),IF('MY PROFILE'!G10="2 Hours",IF(T37<=120,15,IF(T37<=150,8,IF(T37<=180,3,0))),IF('MY PROFILE'!G10="3 Hours",IF(T37<=180,15,IF(T37<=240,5,0)),15))))))) | P37: =IF(EXACT('MY PROFILE'!C26,"Pursue Command"),IF(EXACT(I37,"Yes"),15,5),IF(EXACT('MY PROFILE'!C26,"Promote to Next Grade"),IF(EXACT(H37,"Leadership"),12,IF(EXACT(H37,"Staff"),10,8)),IF(EXACT('MY PROFILE'!C26,"Move to Staff"),IF(EXACT(H37,"Staff"),15,IF(EXACT(H37,"Technical"),10,5)),IF(EXACT('MY PROFILE'!C26,"Pursue AGR Full-Time"),IF(EXACT(J37,"AGR"),15,IF(EXACT(J37,"M-Day"),5,10)),8)))) | Q37: =IF(EXACT('MY PROFILE'!G6,"M-Day"),IF(EXACT(J37,"M-Day"),5,IF(EXACT(J37,"AGR"),1,3)),IF(EXACT('MY PROFILE'!G6,"AGR"),IF(EXACT(J37,"AGR"),5,IF(EXACT(J37,"M-Day"),2,3)),3)) | R37: =IFERROR(M37+N37+O37+P37+Q37,0) | S37: =IF(R37>=80,"STRONG MATCH",IF(R37>=60,"GOOD MATCH",IF(R37>=40,"MODERATE / STRETCH",IF(R37>=20,"POSSIBLE — GAPS EXIST","NOT RECOMMENDED NOW")))) | T37: =IFERROR(SUMPRODUCT(($A$231:$A$313='MY PROFILE'!C10)*($B$231:$B$313=C37)*($C$231:$C$313)),999)
A38: ='ADMIN - POSITIONS'!A38 | B38: ='ADMIN - POSITIONS'!B38 | C38: ='ADMIN - POSITIONS'!D38 | D38: ='ADMIN - POSITIONS'!E38 | E38: ='ADMIN - POSITIONS'!F38 | F38: ='ADMIN - POSITIONS'!G38 | G38: ='ADMIN - POSITIONS'!H38 | H38: ='ADMIN - POSITIONS'!J38 | I38: ='ADMIN - POSITIONS'!K38 | J38: ='ADMIN - POSITIONS'!L38 | K38: ='ADMIN - POSITIONS'!M38 | L38: ='ADMIN - POSITIONS'!N38 | M38: =IF(E38=""," ",IF(EXACT(E38,'MY PROFILE'!E6)=FALSE,0,IF(AND(EXACT(F38,'MY PROFILE'!E6),EXACT(E38,'MY PROFILE'!C25)),35,IF(AND(EXACT(F38,'MY PROFILE'!E6),EXACT(E38,'MY PROFILE'!C6)),25,10)))) | N38: =IF(G38="","",IF(EXACT(G38,'MY PROFILE'!C7),30,IF(EXACT('MY PROFILE'!G27,"Yes"),10,0))) | O38: =IF(T38=999,0,IF('MY PROFILE'!G10="No Limit",15,IF('MY PROFILE'!G10="30 Minutes",IF(T38<=30,15,IF(T38<=60,8,IF(T38<=90,3,0))),IF('MY PROFILE'!G10="1 Hour",IF(T38<=60,15,IF(T38<=90,8,IF(T38<=120,3,0))),IF('MY PROFILE'!G10="1.5 Hours",IF(T38<=90,15,IF(T38<=120,8,IF(T38<=150,3,0))),IF('MY PROFILE'!G10="2 Hours",IF(T38<=120,15,IF(T38<=150,8,IF(T38<=180,3,0))),IF('MY PROFILE'!G10="3 Hours",IF(T38<=180,15,IF(T38<=240,5,0)),15))))))) | P38: =IF(EXACT('MY PROFILE'!C26,"Pursue Command"),IF(EXACT(I38,"Yes"),15,5),IF(EXACT('MY PROFILE'!C26,"Promote to Next Grade"),IF(EXACT(H38,"Leadership"),12,IF(EXACT(H38,"Staff"),10,8)),IF(EXACT('MY PROFILE'!C26,"Move to Staff"),IF(EXACT(H38,"Staff"),15,IF(EXACT(H38,"Technical"),10,5)),IF(EXACT('MY PROFILE'!C26,"Pursue AGR Full-Time"),IF(EXACT(J38,"AGR"),15,IF(EXACT(J38,"M-Day"),5,10)),8)))) | Q38: =IF(EXACT('MY PROFILE'!G6,"M-Day"),IF(EXACT(J38,"M-Day"),5,IF(EXACT(J38,"AGR"),1,3)),IF(EXACT('MY PROFILE'!G6,"AGR"),IF(EXACT(J38,"AGR"),5,IF(EXACT(J38,"M-Day"),2,3)),3)) | R38: =IFERROR(M38+N38+O38+P38+Q38,0) | S38: =IF(R38>=80,"STRONG MATCH",IF(R38>=60,"GOOD MATCH",IF(R38>=40,"MODERATE / STRETCH",IF(R38>=20,"POSSIBLE — GAPS EXIST","NOT RECOMMENDED NOW")))) | T38: =IFERROR(SUMPRODUCT(($A$231:$A$313='MY PROFILE'!C10)*($B$231:$B$313=C38)*($C$231:$C$313)),999)
A39: ='ADMIN - POSITIONS'!A39 | B39: ='ADMIN - POSITIONS'!B39 | C39: ='ADMIN - POSITIONS'!D39 | D39: ='ADMIN - POSITIONS'!E39 | E39: ='ADMIN - POSITIONS'!F39 | F39: ='ADMIN - POSITIONS'!G39 | G39: ='ADMIN - POSITIONS'!H39 | H39: ='ADMIN - POSITIONS'!J39 | I39: ='ADMIN - POSITIONS'!K39 | J39: ='ADMIN - POSITIONS'!L39 | K39: ='ADMIN - POSITIONS'!M39 | L39: ='ADMIN - POSITIONS'!N39 | M39: =IF(E39=""," ",IF(EXACT(E39,'MY PROFILE'!E6)=FALSE,0,IF(AND(EXACT(F39,'MY PROFILE'!E6),EXACT(E39,'MY PROFILE'!C25)),35,IF(AND(EXACT(F39,'MY PROFILE'!E6),EXACT(E39,'MY PROFILE'!C6)),25,10)))) | N39: =IF(G39="","",IF(EXACT(G39,'MY PROFILE'!C7),30,IF(EXACT('MY PROFILE'!G27,"Yes"),10,0))) | O39: =IF(T39=999,0,IF('MY PROFILE'!G10="No Limit",15,IF('MY PROFILE'!G10="30 Minutes",IF(T39<=30,15,IF(T39<=60,8,IF(T39<=90,3,0))),IF('MY PROFILE'!G10="1 Hour",IF(T39<=60,15,IF(T39<=90,8,IF(T39<=120,3,0))),IF('MY PROFILE'!G10="1.5 Hours",IF(T39<=90,15,IF(T39<=120,8,IF(T39<=150,3,0))),IF('MY PROFILE'!G10="2 Hours",IF(T39<=120,15,IF(T39<=150,8,IF(T39<=180,3,0))),IF('MY PROFILE'!G10="3 Hours",IF(T39<=180,15,IF(T39<=240,5,0)),15))))))) | P39: =IF(EXACT('MY PROFILE'!C26,"Pursue Command"),IF(EXACT(I39,"Yes"),15,5),IF(EXACT('MY PROFILE'!C26,"Promote to Next Grade"),IF(EXACT(H39,"Leadership"),12,IF(EXACT(H39,"Staff"),10,8)),IF(EXACT('MY PROFILE'!C26,"Move to Staff"),IF(EXACT(H39,"Staff"),15,IF(EXACT(H39,"Technical"),10,5)),IF(EXACT('MY PROFILE'!C26,"Pursue AGR Full-Time"),IF(EXACT(J39,"AGR"),15,IF(EXACT(J39,"M-Day"),5,10)),8)))) | Q39: =IF(EXACT('MY PROFILE'!G6,"M-Day"),IF(EXACT(J39,"M-Day"),5,IF(EXACT(J39,"AGR"),1,3)),IF(EXACT('MY PROFILE'!G6,"AGR"),IF(EXACT(J39,"AGR"),5,IF(EXACT(J39,"M-Day"),2,3)),3)) | R39: =IFERROR(M39+N39+O39+P39+Q39,0) | S39: =IF(R39>=80,"STRONG MATCH",IF(R39>=60,"GOOD MATCH",IF(R39>=40,"MODERATE / STRETCH",IF(R39>=20,"POSSIBLE — GAPS EXIST","NOT RECOMMENDED NOW")))) | T39: =IFERROR(SUMPRODUCT(($A$231:$A$313='MY PROFILE'!C10)*($B$231:$B$313=C39)*($C$231:$C$313)),999)
A40: ='ADMIN - POSITIONS'!A40 | B40: ='ADMIN - POSITIONS'!B40 | C40: ='ADMIN - POSITIONS'!D40 | D40: ='ADMIN - POSITIONS'!E40 | E40: ='ADMIN - POSITIONS'!F40 | F40: ='ADMIN - POSITIONS'!G40 | G40: ='ADMIN - POSITIONS'!H40 | H40: ='ADMIN - POSITIONS'!J40 | I40: ='ADMIN - POSITIONS'!K40 | J40: ='ADMIN - POSITIONS'!L40 | K40: ='ADMIN - POSITIONS'!M40 | L40: ='ADMIN - POSITIONS'!N40 | M40: =IF(E40=""," ",IF(EXACT(E40,'MY PROFILE'!E6)=FALSE,0,IF(AND(EXACT(F40,'MY PROFILE'!E6),EXACT(E40,'MY PROFILE'!C25)),35,IF(AND(EXACT(F40,'MY PROFILE'!E6),EXACT(E40,'MY PROFILE'!C6)),25,10)))) | N40: =IF(G40="","",IF(EXACT(G40,'MY PROFILE'!C7),30,IF(EXACT('MY PROFILE'!G27,"Yes"),10,0))) | O40: =IF(T40=999,0,IF('MY PROFILE'!G10="No Limit",15,IF('MY PROFILE'!G10="30 Minutes",IF(T40<=30,15,IF(T40<=60,8,IF(T40<=90,3,0))),IF('MY PROFILE'!G10="1 Hour",IF(T40<=60,15,IF(T40<=90,8,IF(T40<=120,3,0))),IF('MY PROFILE'!G10="1.5 Hours",IF(T40<=90,15,IF(T40<=120,8,IF(T40<=150,3,0))),IF('MY PROFILE'!G10="2 Hours",IF(T40<=120,15,IF(T40<=150,8,IF(T40<=180,3,0))),IF('MY PROFILE'!G10="3 Hours",IF(T40<=180,15,IF(T40<=240,5,0)),15))))))) | P40: =IF(EXACT('MY PROFILE'!C26,"Pursue Command"),IF(EXACT(I40,"Yes"),15,5),IF(EXACT('MY PROFILE'!C26,"Promote to Next Grade"),IF(EXACT(H40,"Leadership"),12,IF(EXACT(H40,"Staff"),10,8)),IF(EXACT('MY PROFILE'!C26,"Move to Staff"),IF(EXACT(H40,"Staff"),15,IF(EXACT(H40,"Technical"),10,5)),IF(EXACT('MY PROFILE'!C26,"Pursue AGR Full-Time"),IF(EXACT(J40,"AGR"),15,IF(EXACT(J40,"M-Day"),5,10)),8)))) | Q40: =IF(EXACT('MY PROFILE'!G6,"M-Day"),IF(EXACT(J40,"M-Day"),5,IF(EXACT(J40,"AGR"),1,3)),IF(EXACT('MY PROFILE'!G6,"AGR"),IF(EXACT(J40,"AGR"),5,IF(EXACT(J40,"M-Day"),2,3)),3)) | R40: =IFERROR(M40+N40+O40+P40+Q40,0) | S40: =IF(R40>=80,"STRONG MATCH",IF(R40>=60,"GOOD MATCH",IF(R40>=40,"MODERATE / STRETCH",IF(R40>=20,"POSSIBLE — GAPS EXIST","NOT RECOMMENDED NOW")))) | T40: =IFERROR(SUMPRODUCT(($A$231:$A$313='MY PROFILE'!C10)*($B$231:$B$313=C40)*($C$231:$C$313)),999)
A41: ='ADMIN - POSITIONS'!A41 | B41: ='ADMIN - POSITIONS'!B41 | C41: ='ADMIN - POSITIONS'!D41 | D41: ='ADMIN - POSITIONS'!E41 | E41: ='ADMIN - POSITIONS'!F41 | F41: ='ADMIN - POSITIONS'!G41 | G41: ='ADMIN - POSITIONS'!H41 | H41: ='ADMIN - POSITIONS'!J41 | I41: ='ADMIN - POSITIONS'!K41 | J41: ='ADMIN - POSITIONS'!L41 | K41: ='ADMIN - POSITIONS'!M41 | L41: ='ADMIN - POSITIONS'!N41 | M41: =IF(E41=""," ",IF(EXACT(E41,'MY PROFILE'!E6)=FALSE,0,IF(AND(EXACT(F41,'MY PROFILE'!E6),EXACT(E41,'MY PROFILE'!C25)),35,IF(AND(EXACT(F41,'MY PROFILE'!E6),EXACT(E41,'MY PROFILE'!C6)),25,10)))) | N41: =IF(G41="","",IF(EXACT(G41,'MY PROFILE'!C7),30,IF(EXACT('MY PROFILE'!G27,"Yes"),10,0))) | O41: =IF(T41=999,0,IF('MY PROFILE'!G10="No Limit",15,IF('MY PROFILE'!G10="30 Minutes",IF(T41<=30,15,IF(T41<=60,8,IF(T41<=90,3,0))),IF('MY PROFILE'!G10="1 Hour",IF(T41<=60,15,IF(T41<=90,8,IF(T41<=120,3,0))),IF('MY PROFILE'!G10="1.5 Hours",IF(T41<=90,15,IF(T41<=120,8,IF(T41<=150,3,0))),IF('MY PROFILE'!G10="2 Hours",IF(T41<=120,15,IF(T41<=150,8,IF(T41<=180,3,0))),IF('MY PROFILE'!G10="3 Hours",IF(T41<=180,15,IF(T41<=240,5,0)),15))))))) | P41: =IF(EXACT('MY PROFILE'!C26,"Pursue Command"),IF(EXACT(I41,"Yes"),15,5),IF(EXACT('MY PROFILE'!C26,"Promote to Next Grade"),IF(EXACT(H41,"Leadership"),12,IF(EXACT(H41,"Staff"),10,8)),IF(EXACT('MY PROFILE'!C26,"Move to Staff"),IF(EXACT(H41,"Staff"),15,IF(EXACT(H41,"Technical"),10,5)),IF(EXACT('MY PROFILE'!C26,"Pursue AGR Full-Time"),IF(EXACT(J41,"AGR"),15,IF(EXACT(J41,"M-Day"),5,10)),8)))) | Q41: =IF(EXACT('MY PROFILE'!G6,"M-Day"),IF(EXACT(J41,"M-Day"),5,IF(EXACT(J41,"AGR"),1,3)),IF(EXACT('MY PROFILE'!G6,"AGR"),IF(EXACT(J41,"AGR"),5,IF(EXACT(J41,"M-Day"),2,3)),3)) | R41: =IFERROR(M41+N41+O41+P41+Q41,0) | S41: =IF(R41>=80,"STRONG MATCH",IF(R41>=60,"GOOD MATCH",IF(R41>=40,"MODERATE / STRETCH",IF(R41>=20,"POSSIBLE — GAPS EXIST","NOT RECOMMENDED NOW")))) | T41: =IFERROR(SUMPRODUCT(($A$231:$A$313='MY PROFILE'!C10)*($B$231:$B$313=C41)*($C$231:$C$313)),999)
A42: ='ADMIN - POSITIONS'!A42 | B42: ='ADMIN - POSITIONS'!B42 | C42: ='ADMIN - POSITIONS'!D42 | D42: ='ADMIN - POSITIONS'!E42 | E42: ='ADMIN - POSITIONS'!F42 | F42: ='ADMIN - POSITIONS'!G42 | G42: ='ADMIN - POSITIONS'!H42 | H42: ='ADMIN - POSITIONS'!J42 | I42: ='ADMIN - POSITIONS'!K42 | J42: ='ADMIN - POSITIONS'!L42 | K42: ='ADMIN - POSITIONS'!M42 | L42: ='ADMIN - POSITIONS'!N42 | M42: =IF(E42=""," ",IF(EXACT(E42,'MY PROFILE'!E6)=FALSE,0,IF(AND(EXACT(F42,'MY PROFILE'!E6),EXACT(E42,'MY PROFILE'!C25)),35,IF(AND(EXACT(F42,'MY PROFILE'!E6),EXACT(E42,'MY PROFILE'!C6)),25,10)))) | N42: =IF(G42="","",IF(EXACT(G42,'MY PROFILE'!C7),30,IF(EXACT('MY PROFILE'!G27,"Yes"),10,0))) | O42: =IF(T42=999,0,IF('MY PROFILE'!G10="No Limit",15,IF('MY PROFILE'!G10="30 Minutes",IF(T42<=30,15,IF(T42<=60,8,IF(T42<=90,3,0))),IF('MY PROFILE'!G10="1 Hour",IF(T42<=60,15,IF(T42<=90,8,IF(T42<=120,3,0))),IF('MY PROFILE'!G10="1.5 Hours",IF(T42<=90,15,IF(T42<=120,8,IF(T42<=150,3,0))),IF('MY PROFILE'!G10="2 Hours",IF(T42<=120,15,IF(T42<=150,8,IF(T42<=180,3,0))),IF('MY PROFILE'!G10="3 Hours",IF(T42<=180,15,IF(T42<=240,5,0)),15))))))) | P42: =IF(EXACT('MY PROFILE'!C26,"Pursue Command"),IF(EXACT(I42,"Yes"),15,5),IF(EXACT('MY PROFILE'!C26,"Promote to Next Grade"),IF(EXACT(H42,"Leadership"),12,IF(EXACT(H42,"Staff"),10,8)),IF(EXACT('MY PROFILE'!C26,"Move to Staff"),IF(EXACT(H42,"Staff"),15,IF(EXACT(H42,"Technical"),10,5)),IF(EXACT('MY PROFILE'!C26,"Pursue AGR Full-Time"),IF(EXACT(J42,"AGR"),15,IF(EXACT(J42,"M-Day"),5,10)),8)))) | Q42: =IF(EXACT('MY PROFILE'!G6,"M-Day"),IF(EXACT(J42,"M-Day"),5,IF(EXACT(J42,"AGR"),1,3)),IF(EXACT('MY PROFILE'!G6,"AGR"),IF(EXACT(J42,"AGR"),5,IF(EXACT(J42,"M-Day"),2,3)),3)) | R42: =IFERROR(M42+N42+O42+P42+Q42,0) | S42: =IF(R42>=80,"STRONG MATCH",IF(R42>=60,"GOOD MATCH",IF(R42>=40,"MODERATE / STRETCH",IF(R42>=20,"POSSIBLE — GAPS EXIST","NOT RECOMMENDED NOW")))) | T42: =IFERROR(SUMPRODUCT(($A$231:$A$313='MY PROFILE'!C10)*($B$231:$B$313=C42)*($C$231:$C$313)),999)
A43: ='ADMIN - POSITIONS'!A43 | B43: ='ADMIN - POSITIONS'!B43 | C43: ='ADMIN - POSITIONS'!D43 | D43: ='ADMIN - POSITIONS'!E43 | E43: ='ADMIN - POSITIONS'!F43 | F43: ='ADMIN - POSITIONS'!G43 | G43: ='ADMIN - POSITIONS'!H43 | H43: ='ADMIN - POSITIONS'!J43 | I43: ='ADMIN - POSITIONS'!K43 | J43: ='ADMIN - POSITIONS'!L43 | K43: ='ADMIN - POSITIONS'!M43 | L43: ='ADMIN - POSITIONS'!N43 | M43: =IF(E43=""," ",IF(EXACT(E43,'MY PROFILE'!E6)=FALSE,0,IF(AND(EXACT(F43,'MY PROFILE'!E6),EXACT(E43,'MY PROFILE'!C25)),35,IF(AND(EXACT(F43,'MY PROFILE'!E6),EXACT(E43,'MY PROFILE'!C6)),25,10)))) | N43: =IF(G43="","",IF(EXACT(G43,'MY PROFILE'!C7),30,IF(EXACT('MY PROFILE'!G27,"Yes"),10,0))) | O43: =IF(T43=999,0,IF('MY PROFILE'!G10="No Limit",15,IF('MY PROFILE'!G10="30 Minutes",IF(T43<=30,15,IF(T43<=60,8,IF(T43<=90,3,0))),IF('MY PROFILE'!G10="1 Hour",IF(T43<=60,15,IF(T43<=90,8,IF(T43<=120,3,0))),IF('MY PROFILE'!G10="1.5 Hours",IF(T43<=90,15,IF(T43<=120,8,IF(T43<=150,3,0))),IF('MY PROFILE'!G10="2 Hours",IF(T43<=120,15,IF(T43<=150,8,IF(T43<=180,3,0))),IF('MY PROFILE'!G10="3 Hours",IF(T43<=180,15,IF(T43<=240,5,0)),15))))))) | P43: =IF(EXACT('MY PROFILE'!C26,"Pursue Command"),IF(EXACT(I43,"Yes"),15,5),IF(EXACT('MY PROFILE'!C26,"Promote to Next Grade"),IF(EXACT(H43,"Leadership"),12,IF(EXACT(H43,"Staff"),10,8)),IF(EXACT('MY PROFILE'!C26,"Move to Staff"),IF(EXACT(H43,"Staff"),15,IF(EXACT(H43,"Technical"),10,5)),IF(EXACT('MY PROFILE'!C26,"Pursue AGR Full-Time"),IF(EXACT(J43,"AGR"),15,IF(EXACT(J43,"M-Day"),5,10)),8)))) | Q43: =IF(EXACT('MY PROFILE'!G6,"M-Day"),IF(EXACT(J43,"M-Day"),5,IF(EXACT(J43,"AGR"),1,3)),IF(EXACT('MY PROFILE'!G6,"AGR"),IF(EXACT(J43,"AGR"),5,IF(EXACT(J43,"M-Day"),2,3)),3)) | R43: =IFERROR(M43+N43+O43+P43+Q43,0) | S43: =IF(R43>=80,"STRONG MATCH",IF(R43>=60,"GOOD MATCH",IF(R43>=40,"MODERATE / STRETCH",IF(R43>=20,"POSSIBLE — GAPS EXIST","NOT RECOMMENDED NOW")))) | T43: =IFERROR(SUMPRODUCT(($A$231:$A$313='MY PROFILE'!C10)*($B$231:$B$313=C43)*($C$231:$C$313)),999)
A44: ='ADMIN - POSITIONS'!A44 | B44: ='ADMIN - POSITIONS'!B44 | C44: ='ADMIN - POSITIONS'!D44 | D44: ='ADMIN - POSITIONS'!E44 | E44: ='ADMIN - POSITIONS'!F44 | F44: ='ADMIN - POSITIONS'!G44 | G44: ='ADMIN - POSITIONS'!H44 | H44: ='ADMIN - POSITIONS'!J44 | I44: ='ADMIN - POSITIONS'!K44 | J44: ='ADMIN - POSITIONS'!L44 | K44: ='ADMIN - POSITIONS'!M44 | L44: ='ADMIN - POSITIONS'!N44 | M44: =IF(E44=""," ",IF(EXACT(E44,'MY PROFILE'!E6)=FALSE,0,IF(AND(EXACT(F44,'MY PROFILE'!E6),EXACT(E44,'MY PROFILE'!C25)),35,IF(AND(EXACT(F44,'MY PROFILE'!E6),EXACT(E44,'MY PROFILE'!C6)),25,10)))) | N44: =IF(G44="","",IF(EXACT(G44,'MY PROFILE'!C7),30,IF(EXACT('MY PROFILE'!G27,"Yes"),10,0))) | O44: =IF(T44=999,0,IF('MY PROFILE'!G10="No Limit",15,IF('MY PROFILE'!G10="30 Minutes",IF(T44<=30,15,IF(T44<=60,8,IF(T44<=90,3,0))),IF('MY PROFILE'!G10="1 Hour",IF(T44<=60,15,IF(T44<=90,8,IF(T44<=120,3,0))),IF('MY PROFILE'!G10="1.5 Hours",IF(T44<=90,15,IF(T44<=120,8,IF(T44<=150,3,0))),IF('MY PROFILE'!G10="2 Hours",IF(T44<=120,15,IF(T44<=150,8,IF(T44<=180,3,0))),IF('MY PROFILE'!G10="3 Hours",IF(T44<=180,15,IF(T44<=240,5,0)),15))))))) | P44: =IF(EXACT('MY PROFILE'!C26,"Pursue Command"),IF(EXACT(I44,"Yes"),15,5),IF(EXACT('MY PROFILE'!C26,"Promote to Next Grade"),IF(EXACT(H44,"Leadership"),12,IF(EXACT(H44,"Staff"),10,8)),IF(EXACT('MY PROFILE'!C26,"Move to Staff"),IF(EXACT(H44,"Staff"),15,IF(EXACT(H44,"Technical"),10,5)),IF(EXACT('MY PROFILE'!C26,"Pursue AGR Full-Time"),IF(EXACT(J44,"AGR"),15,IF(EXACT(J44,"M-Day"),5,10)),8)))) | Q44: =IF(EXACT('MY PROFILE'!G6,"M-Day"),IF(EXACT(J44,"M-Day"),5,IF(EXACT(J44,"AGR"),1,3)),IF(EXACT('MY PROFILE'!G6,"AGR"),IF(EXACT(J44,"AGR"),5,IF(EXACT(J44,"M-Day"),2,3)),3)) | R44: =IFERROR(M44+N44+O44+P44+Q44,0) | S44: =IF(R44>=80,"STRONG MATCH",IF(R44>=60,"GOOD MATCH",IF(R44>=40,"MODERATE / STRETCH",IF(R44>=20,"POSSIBLE — GAPS EXIST","NOT RECOMMENDED NOW")))) | T44: =IFERROR(SUMPRODUCT(($A$231:$A$313='MY PROFILE'!C10)*($B$231:$B$313=C44)*($C$231:$C$313)),999)
A45: ='ADMIN - POSITIONS'!A45 | B45: ='ADMIN - POSITIONS'!B45 | C45: ='ADMIN - POSITIONS'!D45 | D45: ='ADMIN - POSITIONS'!E45 | E45: ='ADMIN - POSITIONS'!F45 | F45: ='ADMIN - POSITIONS'!G45 | G45: ='ADMIN - POSITIONS'!H45 | H45: ='ADMIN - POSITIONS'!J45 | I45: ='ADMIN - POSITIONS'!K45 | J45: ='ADMIN - POSITIONS'!L45 | K45: ='ADMIN - POSITIONS'!M45 | L45: ='ADMIN - POSITIONS'!N45 | M45: =IF(E45=""," ",IF(EXACT(E45,'MY PROFILE'!E6)=FALSE,0,IF(AND(EXACT(F45,'MY PROFILE'!E6),EXACT(E45,'MY PROFILE'!C25)),35,IF(AND(EXACT(F45,'MY PROFILE'!E6),EXACT(E45,'MY PROFILE'!C6)),25,10)))) | N45: =IF(G45="","",IF(EXACT(G45,'MY PROFILE'!C7),30,IF(EXACT('MY PROFILE'!G27,"Yes"),10,0))) | O45: =IF(T45=999,0,IF('MY PROFILE'!G10="No Limit",15,IF('MY PROFILE'!G10="30 Minutes",IF(T45<=30,15,IF(T45<=60,8,IF(T45<=90,3,0))),IF('MY PROFILE'!G10="1 Hour",IF(T45<=60,15,IF(T45<=90,8,IF(T45<=120,3,0))),IF('MY PROFILE'!G10="1.5 Hours",IF(T45<=90,15,IF(T45<=120,8,IF(T45<=150,3,0))),IF('MY PROFILE'!G10="2 Hours",IF(T45<=120,15,IF(T45<=150,8,IF(T45<=180,3,0))),IF('MY PROFILE'!G10="3 Hours",IF(T45<=180,15,IF(T45<=240,5,0)),15))))))) | P45: =IF(EXACT('MY PROFILE'!C26,"Pursue Command"),IF(EXACT(I45,"Yes"),15,5),IF(EXACT('MY PROFILE'!C26,"Promote to Next Grade"),IF(EXACT(H45,"Leadership"),12,IF(EXACT(H45,"Staff"),10,8)),IF(EXACT('MY PROFILE'!C26,"Move to Staff"),IF(EXACT(H45,"Staff"),15,IF(EXACT(H45,"Technical"),10,5)),IF(EXACT('MY PROFILE'!C26,"Pursue AGR Full-Time"),IF(EXACT(J45,"AGR"),15,IF(EXACT(J45,"M-Day"),5,10)),8)))) | Q45: =IF(EXACT('MY PROFILE'!G6,"M-Day"),IF(EXACT(J45,"M-Day"),5,IF(EXACT(J45,"AGR"),1,3)),IF(EXACT('MY PROFILE'!G6,"AGR"),IF(EXACT(J45,"AGR"),5,IF(EXACT(J45,"M-Day"),2,3)),3)) | R45: =IFERROR(M45+N45+O45+P45+Q45,0) | S45: =IF(R45>=80,"STRONG MATCH",IF(R45>=60,"GOOD MATCH",IF(R45>=40,"MODERATE / STRETCH",IF(R45>=20,"POSSIBLE — GAPS EXIST","NOT RECOMMENDED NOW")))) | T45: =IFERROR(SUMPRODUCT(($A$231:$A$313='MY PROFILE'!C10)*($B$231:$B$313=C45)*($C$231:$C$313)),999)
